2025-09-03T11:15:04,685 [restartedMain] INFO config.util.NacosConfigPropertiesUtils - nacosConfigProperties : NacosConfigProperties{serverAddr='47.121.116.149:8848', contextPath='null', encode='null', endpoint='null', namespace='null', accessKey='null', secretKey='null', ramRoleName='null', autoRefresh=false, dataId='null', dataIds='study-prod,index-prod', group='DEFAULT_GROUP', type=YAML, maxRetry='null', configLongPollTimeout='null', configRetryTime='null', enableRemoteSyncConfig=false, extConfig=[], bootstrap=Bootstrap{enable=true, logEnable=false}}
2025-09-03T11:15:04,701 [background-preinit] INFO internal.util.Version - HV000001: Hibernate Validator 6.2.5.Final
2025-09-03T11:15:04,716 [restartedMain] INFO config.util.NacosConfigPropertiesUtils - nacosConfigProperties : NacosConfigProperties{serverAddr='47.121.116.149:8848', contextPath='null', encode='null', endpoint='null', namespace='null', accessKey='null', secretKey='null', ramRoleName='null', autoRefresh=false, dataId='null', dataIds='study-prod,index-prod', group='DEFAULT_GROUP', type=YAML, maxRetry='null', configLongPollTimeout='null', configRetryTime='null', enableRemoteSyncConfig=false, extConfig=[], bootstrap=Bootstrap{enable=true, logEnable=false}}
2025-09-03T11:15:04,754 [restartedMain] INFO spi.client.ClientAuthPluginManager - [ClientAuthPluginManager] Load ClientAuthService com.alibaba.nacos.client.auth.impl.NacosClientAuthServiceImpl success.
2025-09-03T11:15:04,754 [restartedMain] INFO spi.client.ClientAuthPluginManager - [ClientAuthPluginManager] Load ClientAuthService com.alibaba.nacos.client.auth.ram.RamClientAuthServiceImpl success.
2025-09-03T11:15:05,551 [restartedMain] INFO config.util.NacosConfigLoader - load config from nacos, data-id is : study-prod, group is : DEFAULT_GROUP
2025-09-03T11:15:05,590 [restartedMain] INFO config.util.NacosConfigLoader - load config from nacos, data-id is : index-prod, group is : DEFAULT_GROUP
2025-09-03T11:15:05,592 [restartedMain] INFO kwang.study.StudyApplication - Starting StudyApplication using Java 11.0.27 on U-CVVMJWTP-2228.local with PID 498 (/Users/kwang/Desktop/study/target/classes started by kwang in /Users/kwang/Desktop/study)
2025-09-03T11:15:05,593 [restartedMain] INFO kwang.study.StudyApplication - The following 1 profile is active: "prod"
2025-09-03T11:15:05,617 [restartedMain] INFO devtools.env.DevToolsPropertyDefaultsPostProcessor - Devtools property defaults active! Set 'spring.devtools.add-properties' to 'false' to disable
2025-09-03T11:15:05,617 [restartedMain] INFO devtools.env.DevToolsPropertyDefaultsPostProcessor - For additional web related logging consider setting the 'logging.level.web' property to 'DEBUG'
2025-09-03T11:15:05,988 [restartedMain] INFO repository.config.RepositoryConfigurationDelegate - Multiple Spring Data modules found, entering strict repository configuration mode
2025-09-03T11:15:05,989 [restartedMain] INFO repository.config.RepositoryConfigurationDelegate - Bootstrapping Spring Data Redis repositories in DEFAULT mode.
2025-09-03T11:15:06,012 [restartedMain] INFO repository.config.RepositoryConfigurationDelegate - Finished Spring Data repository scanning in 14 ms. Found 0 Redis repository interfaces.
2025-09-03T11:15:06,452 [restartedMain] INFO embedded.tomcat.TomcatWebServer - Tomcat initialized with port(s): 8080 (http)
2025-09-03T11:15:06,456 [restartedMain] INFO coyote.http11.Http11NioProtocol - Initializing ProtocolHandler ["http-nio-8080"]
2025-09-03T11:15:06,457 [restartedMain] INFO catalina.core.StandardService - Starting service [Tomcat]
2025-09-03T11:15:06,457 [restartedMain] INFO catalina.core.StandardEngine - Starting Servlet engine: [Apache Tomcat/9.0.83]
2025-09-03T11:15:06,492 [restartedMain] INFO [Tomcat].[localhost].[/] - Initializing Spring embedded WebApplicationContext
2025-09-03T11:15:06,493 [restartedMain] INFO servlet.context.ServletWebServerApplicationContext - Root WebApplicationContext: initialization completed in 876 ms
2025-09-03T11:15:06,977 [restartedMain] WARN servlet.context.AnnotationConfigServletWebServerApplicationContext - Exception encountered during context initialization - cancelling refresh attempt: org.springframework.beans.factory.UnsatisfiedDependencyException: Error creating bean with name 'indexController': Unsatisfied dependency expressed through field 'timeLineConfig'; nested exception is org.springframework.beans.factory.NoSuchBeanDefinitionException: No qualifying bean of type 'com.kwang.study.index.config.TimeLineConfig' available: expected at least 1 bean which qualifies as autowire candidate. Dependency annotations: {@org.springframework.beans.factory.annotation.Autowired(required=true)}
2025-09-03T11:15:06,984 [restartedMain] INFO annotation.config.NacosValueAnnotationBeanPostProcessor - class com.alibaba.nacos.spring.context.annotation.config.NacosValueAnnotationBeanPostProcessor was destroying!
2025-09-03T11:15:06,984 [restartedMain] INFO factory.annotation.AnnotationNacosInjectedBeanPostProcessor - class com.alibaba.nacos.spring.beans.factory.annotation.AnnotationNacosInjectedBeanPostProcessor was destroying!
2025-09-03T11:15:06,985 [restartedMain] INFO catalina.core.StandardService - Stopping service [Tomcat]
2025-09-03T11:15:06,991 [restartedMain] INFO autoconfigure.logging.ConditionEvaluationReportLoggingListener - 

Error starting ApplicationContext. To display the conditions report re-run your application with 'debug' enabled.
2025-09-03T11:15:07,000 [restartedMain] ERROR boot.diagnostics.LoggingFailureAnalysisReporter - 

***************************
APPLICATION FAILED TO START
***************************

Description:

Field timeLineConfig in com.kwang.study.index.controller.IndexController required a bean of type 'com.kwang.study.index.config.TimeLineConfig' that could not be found.

The injection point has the following annotations:
	- @org.springframework.beans.factory.annotation.Autowired(required=true)


Action:

Consider defining a bean of type 'com.kwang.study.index.config.TimeLineConfig' in your configuration.

2025-09-03T11:15:07,784 [Thread-3] WARN common.http.HttpClientBeanHolder - [HttpClientBeanHolder] Start destroying common HttpClient
2025-09-03T11:15:07,784 [Thread-8] WARN common.notify.NotifyCenter - [NotifyCenter] Start destroying Publisher
2025-09-03T11:15:07,784 [Thread-3] WARN common.http.HttpClientBeanHolder - [HttpClientBeanHolder] Destruction of the end
2025-09-03T11:15:07,784 [Thread-8] WARN common.notify.NotifyCenter - [NotifyCenter] Destruction of the end
2025-09-03T11:17:06,957 [restartedMain] INFO config.util.NacosConfigPropertiesUtils - nacosConfigProperties : NacosConfigProperties{serverAddr='47.121.116.149:8848', contextPath='null', encode='null', endpoint='null', namespace='null', accessKey='null', secretKey='null', ramRoleName='null', autoRefresh=false, dataId='null', dataIds='study-prod,index-prod', group='DEFAULT_GROUP', type=YAML, maxRetry='null', configLongPollTimeout='null', configRetryTime='null', enableRemoteSyncConfig=false, extConfig=[], bootstrap=Bootstrap{enable=true, logEnable=false}}
2025-09-03T11:17:06,976 [background-preinit] INFO internal.util.Version - HV000001: Hibernate Validator 6.2.5.Final
2025-09-03T11:17:06,993 [restartedMain] INFO config.util.NacosConfigPropertiesUtils - nacosConfigProperties : NacosConfigProperties{serverAddr='47.121.116.149:8848', contextPath='null', encode='null', endpoint='null', namespace='null', accessKey='null', secretKey='null', ramRoleName='null', autoRefresh=false, dataId='null', dataIds='study-prod,index-prod', group='DEFAULT_GROUP', type=YAML, maxRetry='null', configLongPollTimeout='null', configRetryTime='null', enableRemoteSyncConfig=false, extConfig=[], bootstrap=Bootstrap{enable=true, logEnable=false}}
2025-09-03T11:17:07,034 [restartedMain] INFO spi.client.ClientAuthPluginManager - [ClientAuthPluginManager] Load ClientAuthService com.alibaba.nacos.client.auth.impl.NacosClientAuthServiceImpl success.
2025-09-03T11:17:07,035 [restartedMain] INFO spi.client.ClientAuthPluginManager - [ClientAuthPluginManager] Load ClientAuthService com.alibaba.nacos.client.auth.ram.RamClientAuthServiceImpl success.
2025-09-03T11:17:07,831 [restartedMain] INFO config.util.NacosConfigLoader - load config from nacos, data-id is : study-prod, group is : DEFAULT_GROUP
2025-09-03T11:17:07,869 [restartedMain] INFO config.util.NacosConfigLoader - load config from nacos, data-id is : index-prod, group is : DEFAULT_GROUP
2025-09-03T11:17:07,870 [restartedMain] INFO kwang.study.StudyApplication - Starting StudyApplication using Java 11.0.27 on U-CVVMJWTP-2228.local with PID 982 (/Users/kwang/Desktop/study/target/classes started by kwang in /Users/kwang/Desktop/study)
2025-09-03T11:17:07,872 [restartedMain] INFO kwang.study.StudyApplication - The following 1 profile is active: "prod"
2025-09-03T11:17:07,894 [restartedMain] INFO devtools.env.DevToolsPropertyDefaultsPostProcessor - Devtools property defaults active! Set 'spring.devtools.add-properties' to 'false' to disable
2025-09-03T11:17:07,895 [restartedMain] INFO devtools.env.DevToolsPropertyDefaultsPostProcessor - For additional web related logging consider setting the 'logging.level.web' property to 'DEBUG'
2025-09-03T11:17:08,266 [restartedMain] INFO repository.config.RepositoryConfigurationDelegate - Multiple Spring Data modules found, entering strict repository configuration mode
2025-09-03T11:17:08,268 [restartedMain] INFO repository.config.RepositoryConfigurationDelegate - Bootstrapping Spring Data Redis repositories in DEFAULT mode.
2025-09-03T11:17:08,289 [restartedMain] INFO repository.config.RepositoryConfigurationDelegate - Finished Spring Data repository scanning in 15 ms. Found 0 Redis repository interfaces.
2025-09-03T11:17:08,753 [restartedMain] INFO embedded.tomcat.TomcatWebServer - Tomcat initialized with port(s): 8080 (http)
2025-09-03T11:17:08,758 [restartedMain] INFO coyote.http11.Http11NioProtocol - Initializing ProtocolHandler ["http-nio-8080"]
2025-09-03T11:17:08,760 [restartedMain] INFO catalina.core.StandardService - Starting service [Tomcat]
2025-09-03T11:17:08,760 [restartedMain] INFO catalina.core.StandardEngine - Starting Servlet engine: [Apache Tomcat/9.0.83]
2025-09-03T11:17:08,813 [restartedMain] INFO [Tomcat].[localhost].[/] - Initializing Spring embedded WebApplicationContext
2025-09-03T11:17:08,813 [restartedMain] INFO servlet.context.ServletWebServerApplicationContext - Root WebApplicationContext: initialization completed in 918 ms
2025-09-03T11:17:09,516 [restartedMain] INFO security.web.DefaultSecurityFilterChain - Will secure any request with [org.springframework.security.web.session.DisableEncodeUrlFilter@62e7fb26, org.springframework.security.web.context.request.async.WebAsyncManagerIntegrationFilter@6f46ad3d, org.springframework.security.web.context.SecurityContextPersistenceFilter@4c4ddec7, org.springframework.security.web.header.HeaderWriterFilter@7777ca93, org.springframework.security.web.authentication.logout.LogoutFilter@1901da9e, com.kwang.study.auth.filter.JwtAuthenticationFilter@10034ed2, org.springframework.security.web.savedrequest.RequestCacheAwareFilter@20f23ecb, org.springframework.security.web.servletapi.SecurityContextHolderAwareRequestFilter@2eb77f4, org.springframework.security.web.authentication.AnonymousAuthenticationFilter@52a6e5c7, org.springframework.security.web.session.SessionManagementFilter@51a116d1, org.springframework.security.web.access.ExceptionTranslationFilter@160df1f5, org.springframework.security.web.access.intercept.AuthorizationFilter@6cec8a]
2025-09-03T11:17:09,930 [restartedMain] INFO devtools.autoconfigure.OptionalLiveReloadServer - LiveReload server is running on port 35729
2025-09-03T11:17:09,940 [restartedMain] INFO coyote.http11.Http11NioProtocol - Starting ProtocolHandler ["http-nio-8080"]
2025-09-03T11:17:09,948 [restartedMain] INFO embedded.tomcat.TomcatWebServer - Tomcat started on port(s): 8080 (http) with context path ''
2025-09-03T11:17:09,949 [restartedMain] INFO simp.broker.SimpleBrokerMessageHandler - Starting...
2025-09-03T11:17:09,949 [restartedMain] INFO simp.broker.SimpleBrokerMessageHandler - BrokerAvailabilityEvent[available=true, SimpleBrokerMessageHandler [org.springframework.messaging.simp.broker.DefaultSubscriptionRegistry@612eb748]]
2025-09-03T11:17:09,949 [restartedMain] INFO simp.broker.SimpleBrokerMessageHandler - Started.
2025-09-03T11:17:09,964 [restartedMain] INFO kwang.study.StudyApplication - Started StudyApplication in 3.227 seconds (JVM running for 8.724)
2025-09-03T11:19:19,919 [MessageBroker-1] INFO socket.config.WebSocketMessageBrokerStats - WebSocketSession[0 current WS(0)-HttpStream(0)-HttpPoll(0), 0 total, 0 closed abnormally (0 connect failure, 0 send limit, 0 transport error)], stompSubProtocol[processed CONNECT(0)-CONNECTED(0)-DISCONNECT(0)], stompBrokerRelay[null], inboundChannel[pool size = 0, active threads = 0, queued tasks = 0, completed tasks = 0], outboundChannel[pool size = 0, active threads = 0, queued tasks = 0, completed tasks = 0], sockJsScheduler[pool size = 1, active threads = 1, queued tasks = 0, completed tasks = 0]
2025-09-03T11:19:20,003 [Thread-3] WARN common.http.HttpClientBeanHolder - [HttpClientBeanHolder] Start destroying common HttpClient
2025-09-03T11:19:20,003 [Thread-8] WARN common.notify.NotifyCenter - [NotifyCenter] Start destroying Publisher
2025-09-03T11:19:20,003 [Thread-8] WARN common.notify.NotifyCenter - [NotifyCenter] Destruction of the end
2025-09-03T11:19:20,004 [Thread-3] WARN common.http.HttpClientBeanHolder - [HttpClientBeanHolder] Destruction of the end
2025-09-03T11:19:20,006 [SpringApplicationShutdownHook] INFO simp.broker.SimpleBrokerMessageHandler - Stopping...
2025-09-03T11:19:20,006 [SpringApplicationShutdownHook] INFO simp.broker.SimpleBrokerMessageHandler - BrokerAvailabilityEvent[available=false, SimpleBrokerMessageHandler [org.springframework.messaging.simp.broker.DefaultSubscriptionRegistry@612eb748]]
2025-09-03T11:19:20,006 [SpringApplicationShutdownHook] INFO simp.broker.SimpleBrokerMessageHandler - Stopped.
2025-09-03T11:19:44,811 [restartedMain] INFO config.util.NacosConfigPropertiesUtils - nacosConfigProperties : NacosConfigProperties{serverAddr='47.121.116.149:8848', contextPath='null', encode='null', endpoint='null', namespace='null', accessKey='null', secretKey='null', ramRoleName='null', autoRefresh=false, dataId='null', dataIds='study-prod,index-prod', group='DEFAULT_GROUP', type=YAML, maxRetry='null', configLongPollTimeout='null', configRetryTime='null', enableRemoteSyncConfig=false, extConfig=[], bootstrap=Bootstrap{enable=true, logEnable=false}}
2025-09-03T11:19:44,833 [background-preinit] INFO internal.util.Version - HV000001: Hibernate Validator 6.2.5.Final
2025-09-03T11:19:44,848 [restartedMain] INFO config.util.NacosConfigPropertiesUtils - nacosConfigProperties : NacosConfigProperties{serverAddr='47.121.116.149:8848', contextPath='null', encode='null', endpoint='null', namespace='null', accessKey='null', secretKey='null', ramRoleName='null', autoRefresh=false, dataId='null', dataIds='study-prod,index-prod', group='DEFAULT_GROUP', type=YAML, maxRetry='null', configLongPollTimeout='null', configRetryTime='null', enableRemoteSyncConfig=false, extConfig=[], bootstrap=Bootstrap{enable=true, logEnable=false}}
2025-09-03T11:19:44,894 [restartedMain] INFO spi.client.ClientAuthPluginManager - [ClientAuthPluginManager] Load ClientAuthService com.alibaba.nacos.client.auth.impl.NacosClientAuthServiceImpl success.
2025-09-03T11:19:44,894 [restartedMain] INFO spi.client.ClientAuthPluginManager - [ClientAuthPluginManager] Load ClientAuthService com.alibaba.nacos.client.auth.ram.RamClientAuthServiceImpl success.
2025-09-03T11:19:45,762 [restartedMain] INFO config.util.NacosConfigLoader - load config from nacos, data-id is : study-prod, group is : DEFAULT_GROUP
2025-09-03T11:19:45,805 [restartedMain] INFO config.util.NacosConfigLoader - load config from nacos, data-id is : index-prod, group is : DEFAULT_GROUP
2025-09-03T11:19:45,807 [restartedMain] INFO kwang.study.StudyApplication - Starting StudyApplication using Java 11.0.27 on U-CVVMJWTP-2228.local with PID 1471 (/Users/kwang/Desktop/study/target/classes started by kwang in /Users/kwang/Desktop/study)
2025-09-03T11:19:45,808 [restartedMain] INFO kwang.study.StudyApplication - The following 1 profile is active: "prod"
2025-09-03T11:19:45,831 [restartedMain] INFO devtools.env.DevToolsPropertyDefaultsPostProcessor - Devtools property defaults active! Set 'spring.devtools.add-properties' to 'false' to disable
2025-09-03T11:19:45,831 [restartedMain] INFO devtools.env.DevToolsPropertyDefaultsPostProcessor - For additional web related logging consider setting the 'logging.level.web' property to 'DEBUG'
2025-09-03T11:19:46,213 [restartedMain] INFO repository.config.RepositoryConfigurationDelegate - Multiple Spring Data modules found, entering strict repository configuration mode
2025-09-03T11:19:46,214 [restartedMain] INFO repository.config.RepositoryConfigurationDelegate - Bootstrapping Spring Data Redis repositories in DEFAULT mode.
2025-09-03T11:19:46,240 [restartedMain] INFO repository.config.RepositoryConfigurationDelegate - Finished Spring Data repository scanning in 19 ms. Found 0 Redis repository interfaces.
2025-09-03T11:19:46,711 [restartedMain] INFO embedded.tomcat.TomcatWebServer - Tomcat initialized with port(s): 8080 (http)
2025-09-03T11:19:46,716 [restartedMain] INFO coyote.http11.Http11NioProtocol - Initializing ProtocolHandler ["http-nio-8080"]
2025-09-03T11:19:46,716 [restartedMain] INFO catalina.core.StandardService - Starting service [Tomcat]
2025-09-03T11:19:46,717 [restartedMain] INFO catalina.core.StandardEngine - Starting Servlet engine: [Apache Tomcat/9.0.83]
2025-09-03T11:19:46,762 [restartedMain] INFO [Tomcat].[localhost].[/] - Initializing Spring embedded WebApplicationContext
2025-09-03T11:19:46,762 [restartedMain] INFO servlet.context.ServletWebServerApplicationContext - Root WebApplicationContext: initialization completed in 931 ms
2025-09-03T11:19:47,493 [restartedMain] INFO security.web.DefaultSecurityFilterChain - Will secure any request with [org.springframework.security.web.session.DisableEncodeUrlFilter@65a19bc1, org.springframework.security.web.context.request.async.WebAsyncManagerIntegrationFilter@40edfc91, org.springframework.security.web.context.SecurityContextPersistenceFilter@361a81e4, org.springframework.security.web.header.HeaderWriterFilter@59bea2d3, org.springframework.security.web.authentication.logout.LogoutFilter@43bc425c, com.kwang.study.auth.filter.JwtAuthenticationFilter@7d80b14f, org.springframework.security.web.savedrequest.RequestCacheAwareFilter@5dd9b6c8, org.springframework.security.web.servletapi.SecurityContextHolderAwareRequestFilter@3f2e1936, org.springframework.security.web.authentication.AnonymousAuthenticationFilter@6a7690a8, org.springframework.security.web.session.SessionManagementFilter@6a04d887, org.springframework.security.web.access.ExceptionTranslationFilter@312fa694, org.springframework.security.web.access.intercept.AuthorizationFilter@747876ff]
2025-09-03T11:19:48,024 [restartedMain] INFO devtools.autoconfigure.OptionalLiveReloadServer - LiveReload server is running on port 35729
2025-09-03T11:19:48,040 [restartedMain] INFO coyote.http11.Http11NioProtocol - Starting ProtocolHandler ["http-nio-8080"]
2025-09-03T11:19:48,049 [restartedMain] INFO embedded.tomcat.TomcatWebServer - Tomcat started on port(s): 8080 (http) with context path ''
2025-09-03T11:19:48,050 [restartedMain] INFO simp.broker.SimpleBrokerMessageHandler - Starting...
2025-09-03T11:19:48,051 [restartedMain] INFO simp.broker.SimpleBrokerMessageHandler - BrokerAvailabilityEvent[available=true, SimpleBrokerMessageHandler [org.springframework.messaging.simp.broker.DefaultSubscriptionRegistry@53b064d6]]
2025-09-03T11:19:48,051 [restartedMain] INFO simp.broker.SimpleBrokerMessageHandler - Started.
2025-09-03T11:19:48,069 [restartedMain] INFO kwang.study.StudyApplication - Started StudyApplication in 3.476 seconds (JVM running for 8.955)
2025-09-03T11:21:10,466 [MessageBroker-1] INFO socket.config.WebSocketMessageBrokerStats - WebSocketSession[0 current WS(0)-HttpStream(0)-HttpPoll(0), 0 total, 0 closed abnormally (0 connect failure, 0 send limit, 0 transport error)], stompSubProtocol[processed CONNECT(0)-CONNECTED(0)-DISCONNECT(0)], stompBrokerRelay[null], inboundChannel[pool size = 0, active threads = 0, queued tasks = 0, completed tasks = 0], outboundChannel[pool size = 0, active threads = 0, queued tasks = 0, completed tasks = 0], sockJsScheduler[pool size = 1, active threads = 1, queued tasks = 0, completed tasks = 0]
2025-09-03T11:21:10,518 [Thread-8] WARN common.notify.NotifyCenter - [NotifyCenter] Start destroying Publisher
2025-09-03T11:21:10,518 [Thread-3] WARN common.http.HttpClientBeanHolder - [HttpClientBeanHolder] Start destroying common HttpClient
2025-09-03T11:21:10,519 [Thread-8] WARN common.notify.NotifyCenter - [NotifyCenter] Destruction of the end
2025-09-03T11:21:10,519 [Thread-3] WARN common.http.HttpClientBeanHolder - [HttpClientBeanHolder] Destruction of the end
2025-09-03T11:21:10,521 [SpringApplicationShutdownHook] INFO simp.broker.SimpleBrokerMessageHandler - Stopping...
2025-09-03T11:21:10,521 [SpringApplicationShutdownHook] INFO simp.broker.SimpleBrokerMessageHandler - BrokerAvailabilityEvent[available=false, SimpleBrokerMessageHandler [org.springframework.messaging.simp.broker.DefaultSubscriptionRegistry@53b064d6]]
2025-09-03T11:21:10,521 [SpringApplicationShutdownHook] INFO simp.broker.SimpleBrokerMessageHandler - Stopped.
2025-09-03T11:21:23,421 [restartedMain] INFO config.util.NacosConfigPropertiesUtils - nacosConfigProperties : NacosConfigProperties{serverAddr='47.121.116.149:8848', contextPath='null', encode='null', endpoint='null', namespace='null', accessKey='null', secretKey='null', ramRoleName='null', autoRefresh=false, dataId='null', dataIds='study-prod,index-prod', group='DEFAULT_GROUP', type=YAML, maxRetry='null', configLongPollTimeout='null', configRetryTime='null', enableRemoteSyncConfig=false, extConfig=[], bootstrap=Bootstrap{enable=true, logEnable=false}}
2025-09-03T11:21:23,440 [background-preinit] INFO internal.util.Version - HV000001: Hibernate Validator 6.2.5.Final
2025-09-03T11:21:23,457 [restartedMain] INFO config.util.NacosConfigPropertiesUtils - nacosConfigProperties : NacosConfigProperties{serverAddr='47.121.116.149:8848', contextPath='null', encode='null', endpoint='null', namespace='null', accessKey='null', secretKey='null', ramRoleName='null', autoRefresh=false, dataId='null', dataIds='study-prod,index-prod', group='DEFAULT_GROUP', type=YAML, maxRetry='null', configLongPollTimeout='null', configRetryTime='null', enableRemoteSyncConfig=false, extConfig=[], bootstrap=Bootstrap{enable=true, logEnable=false}}
2025-09-03T11:21:23,505 [restartedMain] INFO spi.client.ClientAuthPluginManager - [ClientAuthPluginManager] Load ClientAuthService com.alibaba.nacos.client.auth.impl.NacosClientAuthServiceImpl success.
2025-09-03T11:21:23,507 [restartedMain] INFO spi.client.ClientAuthPluginManager - [ClientAuthPluginManager] Load ClientAuthService com.alibaba.nacos.client.auth.ram.RamClientAuthServiceImpl success.
2025-09-03T11:21:24,342 [restartedMain] INFO config.util.NacosConfigLoader - load config from nacos, data-id is : study-prod, group is : DEFAULT_GROUP
2025-09-03T11:21:24,381 [restartedMain] INFO config.util.NacosConfigLoader - load config from nacos, data-id is : index-prod, group is : DEFAULT_GROUP
2025-09-03T11:21:24,383 [restartedMain] INFO kwang.study.StudyApplication - Starting StudyApplication using Java 11.0.27 on U-CVVMJWTP-2228.local with PID 1784 (/Users/kwang/Desktop/study/target/classes started by kwang in /Users/kwang/Desktop/study)
2025-09-03T11:21:24,384 [restartedMain] INFO kwang.study.StudyApplication - The following 1 profile is active: "prod"
2025-09-03T11:21:24,410 [restartedMain] INFO devtools.env.DevToolsPropertyDefaultsPostProcessor - Devtools property defaults active! Set 'spring.devtools.add-properties' to 'false' to disable
2025-09-03T11:21:24,410 [restartedMain] INFO devtools.env.DevToolsPropertyDefaultsPostProcessor - For additional web related logging consider setting the 'logging.level.web' property to 'DEBUG'
2025-09-03T11:21:24,789 [restartedMain] INFO repository.config.RepositoryConfigurationDelegate - Multiple Spring Data modules found, entering strict repository configuration mode
2025-09-03T11:21:24,790 [restartedMain] INFO repository.config.RepositoryConfigurationDelegate - Bootstrapping Spring Data Redis repositories in DEFAULT mode.
2025-09-03T11:21:24,818 [restartedMain] INFO repository.config.RepositoryConfigurationDelegate - Finished Spring Data repository scanning in 21 ms. Found 0 Redis repository interfaces.
2025-09-03T11:21:25,279 [restartedMain] INFO embedded.tomcat.TomcatWebServer - Tomcat initialized with port(s): 8080 (http)
2025-09-03T11:21:25,284 [restartedMain] INFO coyote.http11.Http11NioProtocol - Initializing ProtocolHandler ["http-nio-8080"]
2025-09-03T11:21:25,285 [restartedMain] INFO catalina.core.StandardService - Starting service [Tomcat]
2025-09-03T11:21:25,285 [restartedMain] INFO catalina.core.StandardEngine - Starting Servlet engine: [Apache Tomcat/9.0.83]
2025-09-03T11:21:25,331 [restartedMain] INFO [Tomcat].[localhost].[/] - Initializing Spring embedded WebApplicationContext
2025-09-03T11:21:25,331 [restartedMain] INFO servlet.context.ServletWebServerApplicationContext - Root WebApplicationContext: initialization completed in 920 ms
2025-09-03T11:21:25,821 [restartedMain] INFO spi.client.ClientAuthPluginManager - [ClientAuthPluginManager] Load ClientAuthService com.alibaba.nacos.client.auth.impl.NacosClientAuthServiceImpl success.
2025-09-03T11:21:25,821 [restartedMain] INFO spi.client.ClientAuthPluginManager - [ClientAuthPluginManager] Load ClientAuthService com.alibaba.nacos.client.auth.ram.RamClientAuthServiceImpl success.
2025-09-03T11:21:26,192 [restartedMain] WARN servlet.context.AnnotationConfigServletWebServerApplicationContext - Exception encountered during context initialization - cancelling refresh attempt: org.springframework.beans.factory.UnsatisfiedDependencyException: Error creating bean with name 'myApplicationRunner': Unsatisfied dependency expressed through field 'timeLineConfig'; nested exception is org.springframework.beans.factory.BeanCreationException: Error creating bean with name 'timeLineConfig' defined in file [/Users/kwang/Desktop/study/target/classes/com/kwang/study/index/config/TimeLineConfig.class]: Initialization of bean failed; nested exception is org.springframework.boot.context.properties.bind.BindException: Failed to bind properties under 'kwang.index' to com.kwang.study.index.config.TimeLineConfig$$EnhancerBySpringCGLIB$$77c3a547
2025-09-03T11:21:26,201 [restartedMain] INFO annotation.config.NacosValueAnnotationBeanPostProcessor - class com.alibaba.nacos.spring.context.annotation.config.NacosValueAnnotationBeanPostProcessor was destroying!
2025-09-03T11:21:26,201 [restartedMain] INFO factory.annotation.AnnotationNacosInjectedBeanPostProcessor - class com.alibaba.nacos.spring.beans.factory.annotation.AnnotationNacosInjectedBeanPostProcessor was destroying!
2025-09-03T11:21:26,203 [restartedMain] INFO catalina.core.StandardService - Stopping service [Tomcat]
2025-09-03T11:21:26,209 [restartedMain] INFO autoconfigure.logging.ConditionEvaluationReportLoggingListener - 

Error starting ApplicationContext. To display the conditions report re-run your application with 'debug' enabled.
2025-09-03T11:21:26,218 [restartedMain] ERROR boot.diagnostics.LoggingFailureAnalysisReporter - 

***************************
APPLICATION FAILED TO START
***************************

Description:

Failed to bind properties under 'kwang.index' to com.kwang.study.index.config.TimeLineConfig$$EnhancerBySpringCGLIB$$77c3a547:

    Reason: java.lang.IllegalStateException: No setter found for property: timeline

Action:

Update your application's configuration

2025-09-03T11:21:26,656 [Thread-8] WARN common.notify.NotifyCenter - [NotifyCenter] Start destroying Publisher
2025-09-03T11:21:26,656 [Thread-3] WARN common.http.HttpClientBeanHolder - [HttpClientBeanHolder] Start destroying common HttpClient
2025-09-03T11:21:26,656 [Thread-8] WARN common.notify.NotifyCenter - [NotifyCenter] Destruction of the end
2025-09-03T11:21:26,656 [Thread-3] WARN common.http.HttpClientBeanHolder - [HttpClientBeanHolder] Destruction of the end
2025-09-03T11:21:55,126 [restartedMain] INFO config.util.NacosConfigPropertiesUtils - nacosConfigProperties : NacosConfigProperties{serverAddr='47.121.116.149:8848', contextPath='null', encode='null', endpoint='null', namespace='null', accessKey='null', secretKey='null', ramRoleName='null', autoRefresh=false, dataId='null', dataIds='study-prod,index-prod', group='DEFAULT_GROUP', type=YAML, maxRetry='null', configLongPollTimeout='null', configRetryTime='null', enableRemoteSyncConfig=false, extConfig=[], bootstrap=Bootstrap{enable=true, logEnable=false}}
2025-09-03T11:21:55,142 [background-preinit] INFO internal.util.Version - HV000001: Hibernate Validator 6.2.5.Final
2025-09-03T11:21:55,157 [restartedMain] INFO config.util.NacosConfigPropertiesUtils - nacosConfigProperties : NacosConfigProperties{serverAddr='47.121.116.149:8848', contextPath='null', encode='null', endpoint='null', namespace='null', accessKey='null', secretKey='null', ramRoleName='null', autoRefresh=false, dataId='null', dataIds='study-prod,index-prod', group='DEFAULT_GROUP', type=YAML, maxRetry='null', configLongPollTimeout='null', configRetryTime='null', enableRemoteSyncConfig=false, extConfig=[], bootstrap=Bootstrap{enable=true, logEnable=false}}
2025-09-03T11:21:55,197 [restartedMain] INFO spi.client.ClientAuthPluginManager - [ClientAuthPluginManager] Load ClientAuthService com.alibaba.nacos.client.auth.impl.NacosClientAuthServiceImpl success.
2025-09-03T11:21:55,197 [restartedMain] INFO spi.client.ClientAuthPluginManager - [ClientAuthPluginManager] Load ClientAuthService com.alibaba.nacos.client.auth.ram.RamClientAuthServiceImpl success.
2025-09-03T11:21:56,026 [restartedMain] INFO config.util.NacosConfigLoader - load config from nacos, data-id is : study-prod, group is : DEFAULT_GROUP
2025-09-03T11:21:56,070 [restartedMain] INFO config.util.NacosConfigLoader - load config from nacos, data-id is : index-prod, group is : DEFAULT_GROUP
2025-09-03T11:21:56,071 [restartedMain] INFO kwang.study.StudyApplication - Starting StudyApplication using Java 11.0.27 on U-CVVMJWTP-2228.local with PID 1845 (/Users/kwang/Desktop/study/target/classes started by kwang in /Users/kwang/Desktop/study)
2025-09-03T11:21:56,073 [restartedMain] INFO kwang.study.StudyApplication - The following 1 profile is active: "prod"
2025-09-03T11:21:56,095 [restartedMain] INFO devtools.env.DevToolsPropertyDefaultsPostProcessor - Devtools property defaults active! Set 'spring.devtools.add-properties' to 'false' to disable
2025-09-03T11:21:56,095 [restartedMain] INFO devtools.env.DevToolsPropertyDefaultsPostProcessor - For additional web related logging consider setting the 'logging.level.web' property to 'DEBUG'
2025-09-03T11:21:56,466 [restartedMain] INFO repository.config.RepositoryConfigurationDelegate - Multiple Spring Data modules found, entering strict repository configuration mode
2025-09-03T11:21:56,468 [restartedMain] INFO repository.config.RepositoryConfigurationDelegate - Bootstrapping Spring Data Redis repositories in DEFAULT mode.
2025-09-03T11:21:56,488 [restartedMain] INFO repository.config.RepositoryConfigurationDelegate - Finished Spring Data repository scanning in 14 ms. Found 0 Redis repository interfaces.
2025-09-03T11:21:56,955 [restartedMain] INFO embedded.tomcat.TomcatWebServer - Tomcat initialized with port(s): 8080 (http)
2025-09-03T11:21:56,959 [restartedMain] INFO coyote.http11.Http11NioProtocol - Initializing ProtocolHandler ["http-nio-8080"]
2025-09-03T11:21:56,960 [restartedMain] INFO catalina.core.StandardService - Starting service [Tomcat]
2025-09-03T11:21:56,960 [restartedMain] INFO catalina.core.StandardEngine - Starting Servlet engine: [Apache Tomcat/9.0.83]
2025-09-03T11:21:57,004 [restartedMain] INFO [Tomcat].[localhost].[/] - Initializing Spring embedded WebApplicationContext
2025-09-03T11:21:57,004 [restartedMain] INFO servlet.context.ServletWebServerApplicationContext - Root WebApplicationContext: initialization completed in 909 ms
2025-09-03T11:21:57,470 [restartedMain] INFO spi.client.ClientAuthPluginManager - [ClientAuthPluginManager] Load ClientAuthService com.alibaba.nacos.client.auth.impl.NacosClientAuthServiceImpl success.
2025-09-03T11:21:57,470 [restartedMain] INFO spi.client.ClientAuthPluginManager - [ClientAuthPluginManager] Load ClientAuthService com.alibaba.nacos.client.auth.ram.RamClientAuthServiceImpl success.
2025-09-03T11:21:57,843 [restartedMain] INFO devtools.autoconfigure.OptionalLiveReloadServer - LiveReload server is running on port 35729
2025-09-03T11:21:57,846 [restartedMain] INFO context.event.LoggingNacosConfigMetadataEventListener - Nacos Config Metadata : dataId='index-prod', groupId='DEFAULT_GROUP', beanName='timeLineConfig', bean='TimeLineConfig(timeline=[TimeLineItem(title=第一课, time=2025-8-3, description=这是第一课), TimeLineItem(title=第二课, time=2025-9-3, description=这是第二课)])', beanType='class com.kwang.study.index.config.TimeLineConfig$$EnhancerBySpringCGLIB$$6a157302', annotatedElement='class com.kwang.study.index.config.TimeLineConfig$$EnhancerBySpringCGLIB$$6a157302', xmlResource='null', nacosProperties='{encode=UTF-8, password=******, serverAddr=47.121.116.149:8848, enableRemoteSyncConfig=false, username=nacos}', nacosPropertiesAttributes='{accessKey=${nacos.access-key:}, clusterName=${nacos.cluster-name:}, configLongPollTimeout=${nacos.configLongPollTimeout:}, configRetryTime=${nacos.configRetryTime:}, contextPath=${nacos.context-path:}, enableRemoteSyncConfig=${nacos.enableRemoteSyncConfig:}, encode=${nacos.encode:UTF-8}, endpoint=${nacos.endpoint:}, maxRetry=${nacos.maxRetry:}, namespace=${nacos.namespace:}, password=${nacos.password:}, secretKey=${nacos.secret-key:}, serverAddr=${nacos.server-addr:}, username=${nacos.username:}}', source='@com.alibaba.nacos.api.config.annotation.NacosConfigurationProperties(ignoreUnknownFields=true, autoRefreshed=true, exceptionIfInvalid=true, ignoreInvalidFields=false, ignoreNestedProperties=false, prefix="kwang.index", groupId="DEFAULT_GROUP", type=YAML, properties=@com.alibaba.nacos.api.annotation.NacosProperties(encode="${nacos.encode:UTF-8}", secretKey="${nacos.secret-key:}", contextPath="${nacos.context-path:}", configLongPollTimeout="${nacos.configLongPollTimeout:}", maxRetry="${nacos.maxRetry:}", endpoint="${nacos.endpoint:}", configRetryTime="${nacos.configRetryTime:}", password="${nacos.password:}", serverAddr="${nacos.server-addr:}", accessKey="${nacos.access-key:}", enableRemoteSyncConfig="${nacos.enableRemoteSyncConfig:}", clusterName="${nacos.cluster-name:}", namespace="${nacos.namespace:}", username="${nacos.username:}"), yaml=false, dataId="index-prod")', timestamp='1756869717845'
2025-09-03T11:21:58,087 [restartedMain] INFO security.web.DefaultSecurityFilterChain - Will secure any request with [org.springframework.security.web.session.DisableEncodeUrlFilter@cacb8c6, org.springframework.security.web.context.request.async.WebAsyncManagerIntegrationFilter@97981f7, org.springframework.security.web.context.SecurityContextPersistenceFilter@20d028d9, org.springframework.security.web.header.HeaderWriterFilter@215cb479, org.springframework.security.web.authentication.logout.LogoutFilter@73a84adf, com.kwang.study.auth.filter.JwtAuthenticationFilter@7c681bb3, org.springframework.security.web.savedrequest.RequestCacheAwareFilter@69186b9, org.springframework.security.web.servletapi.SecurityContextHolderAwareRequestFilter@2726e052, org.springframework.security.web.authentication.AnonymousAuthenticationFilter@25d18b74, org.springframework.security.web.session.SessionManagementFilter@1308ac60, org.springframework.security.web.access.ExceptionTranslationFilter@68271af5, org.springframework.security.web.access.intercept.AuthorizationFilter@df10da9]
2025-09-03T11:21:58,546 [restartedMain] INFO coyote.http11.Http11NioProtocol - Starting ProtocolHandler ["http-nio-8080"]
2025-09-03T11:21:58,553 [restartedMain] INFO embedded.tomcat.TomcatWebServer - Tomcat started on port(s): 8080 (http) with context path ''
2025-09-03T11:21:58,554 [restartedMain] INFO simp.broker.SimpleBrokerMessageHandler - Starting...
2025-09-03T11:21:58,554 [restartedMain] INFO simp.broker.SimpleBrokerMessageHandler - BrokerAvailabilityEvent[available=true, SimpleBrokerMessageHandler [org.springframework.messaging.simp.broker.DefaultSubscriptionRegistry@5cdf9366]]
2025-09-03T11:21:58,554 [restartedMain] INFO simp.broker.SimpleBrokerMessageHandler - Started.
2025-09-03T11:21:58,569 [restartedMain] INFO kwang.study.StudyApplication - Started StudyApplication in 3.672 seconds (JVM running for 9.143)
2025-09-03T11:23:37,936 [MessageBroker-1] INFO socket.config.WebSocketMessageBrokerStats - WebSocketSession[0 current WS(0)-HttpStream(0)-HttpPoll(0), 0 total, 0 closed abnormally (0 connect failure, 0 send limit, 0 transport error)], stompSubProtocol[processed CONNECT(0)-CONNECTED(0)-DISCONNECT(0)], stompBrokerRelay[null], inboundChannel[pool size = 0, active threads = 0, queued tasks = 0, completed tasks = 0], outboundChannel[pool size = 0, active threads = 0, queued tasks = 0, completed tasks = 0], sockJsScheduler[pool size = 1, active threads = 1, queued tasks = 0, completed tasks = 0]
2025-09-03T11:23:38,009 [Thread-8] WARN common.notify.NotifyCenter - [NotifyCenter] Start destroying Publisher
2025-09-03T11:23:38,010 [Thread-3] WARN common.http.HttpClientBeanHolder - [HttpClientBeanHolder] Start destroying common HttpClient
2025-09-03T11:23:38,010 [Thread-8] WARN common.notify.NotifyCenter - [NotifyCenter] Destruction of the end
2025-09-03T11:23:38,010 [Thread-3] WARN common.http.HttpClientBeanHolder - [HttpClientBeanHolder] Destruction of the end
2025-09-03T11:23:38,012 [SpringApplicationShutdownHook] INFO simp.broker.SimpleBrokerMessageHandler - Stopping...
2025-09-03T11:23:38,012 [SpringApplicationShutdownHook] INFO simp.broker.SimpleBrokerMessageHandler - BrokerAvailabilityEvent[available=false, SimpleBrokerMessageHandler [org.springframework.messaging.simp.broker.DefaultSubscriptionRegistry@5cdf9366]]
2025-09-03T11:23:38,012 [SpringApplicationShutdownHook] INFO simp.broker.SimpleBrokerMessageHandler - Stopped.
2025-09-03T11:24:01,586 [restartedMain] INFO config.util.NacosConfigPropertiesUtils - nacosConfigProperties : NacosConfigProperties{serverAddr='47.121.116.149:8848', contextPath='null', encode='null', endpoint='null', namespace='null', accessKey='null', secretKey='null', ramRoleName='null', autoRefresh=false, dataId='null', dataIds='study-prod,index-prod', group='DEFAULT_GROUP', type=YAML, maxRetry='null', configLongPollTimeout='null', configRetryTime='null', enableRemoteSyncConfig=false, extConfig=[], bootstrap=Bootstrap{enable=true, logEnable=false}}
2025-09-03T11:24:01,601 [background-preinit] INFO internal.util.Version - HV000001: Hibernate Validator 6.2.5.Final
2025-09-03T11:24:01,616 [restartedMain] INFO config.util.NacosConfigPropertiesUtils - nacosConfigProperties : NacosConfigProperties{serverAddr='47.121.116.149:8848', contextPath='null', encode='null', endpoint='null', namespace='null', accessKey='null', secretKey='null', ramRoleName='null', autoRefresh=false, dataId='null', dataIds='study-prod,index-prod', group='DEFAULT_GROUP', type=YAML, maxRetry='null', configLongPollTimeout='null', configRetryTime='null', enableRemoteSyncConfig=false, extConfig=[], bootstrap=Bootstrap{enable=true, logEnable=false}}
2025-09-03T11:24:01,658 [restartedMain] INFO spi.client.ClientAuthPluginManager - [ClientAuthPluginManager] Load ClientAuthService com.alibaba.nacos.client.auth.impl.NacosClientAuthServiceImpl success.
2025-09-03T11:24:01,658 [restartedMain] INFO spi.client.ClientAuthPluginManager - [ClientAuthPluginManager] Load ClientAuthService com.alibaba.nacos.client.auth.ram.RamClientAuthServiceImpl success.
2025-09-03T11:24:02,438 [restartedMain] INFO config.util.NacosConfigLoader - load config from nacos, data-id is : study-prod, group is : DEFAULT_GROUP
2025-09-03T11:24:02,474 [restartedMain] INFO config.util.NacosConfigLoader - load config from nacos, data-id is : index-prod, group is : DEFAULT_GROUP
2025-09-03T11:24:02,476 [restartedMain] INFO kwang.study.StudyApplication - Starting StudyApplication using Java 11.0.27 on U-CVVMJWTP-2228.local with PID 2219 (/Users/kwang/Desktop/study/target/classes started by kwang in /Users/kwang/Desktop/study)
2025-09-03T11:24:02,477 [restartedMain] INFO kwang.study.StudyApplication - The following 1 profile is active: "prod"
2025-09-03T11:24:02,495 [restartedMain] INFO devtools.env.DevToolsPropertyDefaultsPostProcessor - Devtools property defaults active! Set 'spring.devtools.add-properties' to 'false' to disable
2025-09-03T11:24:02,496 [restartedMain] INFO devtools.env.DevToolsPropertyDefaultsPostProcessor - For additional web related logging consider setting the 'logging.level.web' property to 'DEBUG'
2025-09-03T11:24:02,849 [restartedMain] INFO repository.config.RepositoryConfigurationDelegate - Multiple Spring Data modules found, entering strict repository configuration mode
2025-09-03T11:24:02,850 [restartedMain] INFO repository.config.RepositoryConfigurationDelegate - Bootstrapping Spring Data Redis repositories in DEFAULT mode.
2025-09-03T11:24:02,869 [restartedMain] INFO repository.config.RepositoryConfigurationDelegate - Finished Spring Data repository scanning in 12 ms. Found 0 Redis repository interfaces.
2025-09-03T11:24:03,340 [restartedMain] INFO embedded.tomcat.TomcatWebServer - Tomcat initialized with port(s): 8080 (http)
2025-09-03T11:24:03,345 [restartedMain] INFO coyote.http11.Http11NioProtocol - Initializing ProtocolHandler ["http-nio-8080"]
2025-09-03T11:24:03,346 [restartedMain] INFO catalina.core.StandardService - Starting service [Tomcat]
2025-09-03T11:24:03,346 [restartedMain] INFO catalina.core.StandardEngine - Starting Servlet engine: [Apache Tomcat/9.0.83]
2025-09-03T11:24:03,390 [restartedMain] INFO [Tomcat].[localhost].[/] - Initializing Spring embedded WebApplicationContext
2025-09-03T11:24:03,390 [restartedMain] INFO servlet.context.ServletWebServerApplicationContext - Root WebApplicationContext: initialization completed in 894 ms
2025-09-03T11:24:03,844 [restartedMain] INFO spi.client.ClientAuthPluginManager - [ClientAuthPluginManager] Load ClientAuthService com.alibaba.nacos.client.auth.impl.NacosClientAuthServiceImpl success.
2025-09-03T11:24:03,844 [restartedMain] INFO spi.client.ClientAuthPluginManager - [ClientAuthPluginManager] Load ClientAuthService com.alibaba.nacos.client.auth.ram.RamClientAuthServiceImpl success.
2025-09-03T11:24:04,236 [restartedMain] INFO devtools.autoconfigure.OptionalLiveReloadServer - LiveReload server is running on port 35729
2025-09-03T11:24:04,239 [restartedMain] INFO context.event.LoggingNacosConfigMetadataEventListener - Nacos Config Metadata : dataId='index-prod', groupId='DEFAULT_GROUP', beanName='timeLineConfig', bean='TimeLineConfig(timeline=[TimeLineItem(title=第一课, time=2025-8-3, description=这是第一课), TimeLineItem(title=第二课, time=2025-9-3, description=这是第二课)])', beanType='class com.kwang.study.index.config.TimeLineConfig$$EnhancerBySpringCGLIB$$e54d16b4', annotatedElement='class com.kwang.study.index.config.TimeLineConfig$$EnhancerBySpringCGLIB$$e54d16b4', xmlResource='null', nacosProperties='{encode=UTF-8, password=******, serverAddr=47.121.116.149:8848, enableRemoteSyncConfig=false, username=nacos}', nacosPropertiesAttributes='{accessKey=${nacos.access-key:}, clusterName=${nacos.cluster-name:}, configLongPollTimeout=${nacos.configLongPollTimeout:}, configRetryTime=${nacos.configRetryTime:}, contextPath=${nacos.context-path:}, enableRemoteSyncConfig=${nacos.enableRemoteSyncConfig:}, encode=${nacos.encode:UTF-8}, endpoint=${nacos.endpoint:}, maxRetry=${nacos.maxRetry:}, namespace=${nacos.namespace:}, password=${nacos.password:}, secretKey=${nacos.secret-key:}, serverAddr=${nacos.server-addr:}, username=${nacos.username:}}', source='@com.alibaba.nacos.api.config.annotation.NacosConfigurationProperties(ignoreUnknownFields=true, autoRefreshed=true, exceptionIfInvalid=true, ignoreInvalidFields=false, ignoreNestedProperties=false, prefix="kwang.index", groupId="DEFAULT_GROUP", type=YAML, properties=@com.alibaba.nacos.api.annotation.NacosProperties(encode="${nacos.encode:UTF-8}", secretKey="${nacos.secret-key:}", contextPath="${nacos.context-path:}", configLongPollTimeout="${nacos.configLongPollTimeout:}", maxRetry="${nacos.maxRetry:}", endpoint="${nacos.endpoint:}", password="${nacos.password:}", configRetryTime="${nacos.configRetryTime:}", serverAddr="${nacos.server-addr:}", accessKey="${nacos.access-key:}", enableRemoteSyncConfig="${nacos.enableRemoteSyncConfig:}", clusterName="${nacos.cluster-name:}", namespace="${nacos.namespace:}", username="${nacos.username:}"), yaml=false, dataId="index-prod")', timestamp='1756869844238'
2025-09-03T11:24:04,464 [restartedMain] INFO security.web.DefaultSecurityFilterChain - Will secure any request with [org.springframework.security.web.session.DisableEncodeUrlFilter@7d759c5a, org.springframework.security.web.context.request.async.WebAsyncManagerIntegrationFilter@57b6975b, org.springframework.security.web.context.SecurityContextPersistenceFilter@2e2f15f7, org.springframework.security.web.header.HeaderWriterFilter@663230e6, org.springframework.security.web.authentication.logout.LogoutFilter@70d697dc, com.kwang.study.auth.filter.JwtAuthenticationFilter@7ca7e43b, org.springframework.security.web.savedrequest.RequestCacheAwareFilter@1bdb65cc, org.springframework.security.web.servletapi.SecurityContextHolderAwareRequestFilter@4d8d5bed, org.springframework.security.web.authentication.AnonymousAuthenticationFilter@11b8f2ee, org.springframework.security.web.session.SessionManagementFilter@7e533761, org.springframework.security.web.access.ExceptionTranslationFilter@e1ab724, org.springframework.security.web.access.intercept.AuthorizationFilter@4711a27c]
2025-09-03T11:24:04,903 [restartedMain] INFO coyote.http11.Http11NioProtocol - Starting ProtocolHandler ["http-nio-8080"]
2025-09-03T11:24:04,909 [restartedMain] INFO embedded.tomcat.TomcatWebServer - Tomcat started on port(s): 8080 (http) with context path ''
2025-09-03T11:24:04,910 [restartedMain] INFO simp.broker.SimpleBrokerMessageHandler - Starting...
2025-09-03T11:24:04,910 [restartedMain] INFO simp.broker.SimpleBrokerMessageHandler - BrokerAvailabilityEvent[available=true, SimpleBrokerMessageHandler [org.springframework.messaging.simp.broker.DefaultSubscriptionRegistry@55d9523a]]
2025-09-03T11:24:04,910 [restartedMain] INFO simp.broker.SimpleBrokerMessageHandler - Started.
2025-09-03T11:24:04,925 [restartedMain] INFO kwang.study.StudyApplication - Started StudyApplication in 3.541 seconds (JVM running for 8.988)
2025-09-03T11:25:04,512 [MessageBroker-1] INFO socket.config.WebSocketMessageBrokerStats - WebSocketSession[0 current WS(0)-HttpStream(0)-HttpPoll(0), 0 total, 0 closed abnormally (0 connect failure, 0 send limit, 0 transport error)], stompSubProtocol[processed CONNECT(0)-CONNECTED(0)-DISCONNECT(0)], stompBrokerRelay[null], inboundChannel[pool size = 0, active threads = 0, queued tasks = 0, completed tasks = 0], outboundChannel[pool size = 0, active threads = 0, queued tasks = 0, completed tasks = 0], sockJsScheduler[pool size = 1, active threads = 1, queued tasks = 0, completed tasks = 0]
2025-09-03T11:25:23,083 [http-nio-8080-exec-1] INFO [Tomcat].[localhost].[/] - Initializing Spring DispatcherServlet 'dispatcherServlet'
2025-09-03T11:25:23,084 [http-nio-8080-exec-1] INFO web.servlet.DispatcherServlet - Initializing Servlet 'dispatcherServlet'
2025-09-03T11:25:23,087 [http-nio-8080-exec-1] INFO web.servlet.DispatcherServlet - Completed initialization in 3 ms
2025-09-03T11:25:59,398 [Thread-8] WARN common.notify.NotifyCenter - [NotifyCenter] Start destroying Publisher
2025-09-03T11:25:59,398 [Thread-3] WARN common.http.HttpClientBeanHolder - [HttpClientBeanHolder] Start destroying common HttpClient
2025-09-03T11:25:59,399 [Thread-8] WARN common.notify.NotifyCenter - [NotifyCenter] Destruction of the end
2025-09-03T11:25:59,400 [Thread-3] WARN common.http.HttpClientBeanHolder - [HttpClientBeanHolder] Destruction of the end
2025-09-03T11:25:59,403 [SpringApplicationShutdownHook] INFO simp.broker.SimpleBrokerMessageHandler - Stopping...
2025-09-03T11:25:59,403 [SpringApplicationShutdownHook] INFO simp.broker.SimpleBrokerMessageHandler - BrokerAvailabilityEvent[available=false, SimpleBrokerMessageHandler [org.springframework.messaging.simp.broker.DefaultSubscriptionRegistry@55d9523a]]
2025-09-03T11:25:59,404 [SpringApplicationShutdownHook] INFO simp.broker.SimpleBrokerMessageHandler - Stopped.
2025-09-03T11:26:00,440 [SpringApplicationShutdownHook] INFO annotation.config.NacosValueAnnotationBeanPostProcessor - class com.alibaba.nacos.spring.context.annotation.config.NacosValueAnnotationBeanPostProcessor was destroying!
2025-09-03T11:26:00,440 [SpringApplicationShutdownHook] INFO factory.annotation.AnnotationNacosInjectedBeanPostProcessor - class com.alibaba.nacos.spring.beans.factory.annotation.AnnotationNacosInjectedBeanPostProcessor was destroying!
2025-09-03T11:26:07,021 [restartedMain] INFO config.util.NacosConfigPropertiesUtils - nacosConfigProperties : NacosConfigProperties{serverAddr='47.121.116.149:8848', contextPath='null', encode='null', endpoint='null', namespace='null', accessKey='null', secretKey='null', ramRoleName='null', autoRefresh=false, dataId='null', dataIds='study-prod,index-prod', group='DEFAULT_GROUP', type=YAML, maxRetry='null', configLongPollTimeout='null', configRetryTime='null', enableRemoteSyncConfig=false, extConfig=[], bootstrap=Bootstrap{enable=true, logEnable=false}}
2025-09-03T11:26:07,040 [background-preinit] INFO internal.util.Version - HV000001: Hibernate Validator 6.2.5.Final
2025-09-03T11:26:07,054 [restartedMain] INFO config.util.NacosConfigPropertiesUtils - nacosConfigProperties : NacosConfigProperties{serverAddr='47.121.116.149:8848', contextPath='null', encode='null', endpoint='null', namespace='null', accessKey='null', secretKey='null', ramRoleName='null', autoRefresh=false, dataId='null', dataIds='study-prod,index-prod', group='DEFAULT_GROUP', type=YAML, maxRetry='null', configLongPollTimeout='null', configRetryTime='null', enableRemoteSyncConfig=false, extConfig=[], bootstrap=Bootstrap{enable=true, logEnable=false}}
2025-09-03T11:26:07,100 [restartedMain] INFO spi.client.ClientAuthPluginManager - [ClientAuthPluginManager] Load ClientAuthService com.alibaba.nacos.client.auth.impl.NacosClientAuthServiceImpl success.
2025-09-03T11:26:07,100 [restartedMain] INFO spi.client.ClientAuthPluginManager - [ClientAuthPluginManager] Load ClientAuthService com.alibaba.nacos.client.auth.ram.RamClientAuthServiceImpl success.
2025-09-03T11:26:07,895 [restartedMain] INFO config.util.NacosConfigLoader - load config from nacos, data-id is : study-prod, group is : DEFAULT_GROUP
2025-09-03T11:26:07,939 [restartedMain] INFO config.util.NacosConfigLoader - load config from nacos, data-id is : index-prod, group is : DEFAULT_GROUP
2025-09-03T11:26:07,941 [restartedMain] INFO kwang.study.StudyApplication - Starting StudyApplication using Java 11.0.27 on U-CVVMJWTP-2228.local with PID 2631 (/Users/kwang/Desktop/study/target/classes started by kwang in /Users/kwang/Desktop/study)
2025-09-03T11:26:07,942 [restartedMain] INFO kwang.study.StudyApplication - The following 1 profile is active: "prod"
2025-09-03T11:26:07,969 [restartedMain] INFO devtools.env.DevToolsPropertyDefaultsPostProcessor - Devtools property defaults active! Set 'spring.devtools.add-properties' to 'false' to disable
2025-09-03T11:26:07,969 [restartedMain] INFO devtools.env.DevToolsPropertyDefaultsPostProcessor - For additional web related logging consider setting the 'logging.level.web' property to 'DEBUG'
2025-09-03T11:26:08,376 [restartedMain] INFO repository.config.RepositoryConfigurationDelegate - Multiple Spring Data modules found, entering strict repository configuration mode
2025-09-03T11:26:08,378 [restartedMain] INFO repository.config.RepositoryConfigurationDelegate - Bootstrapping Spring Data Redis repositories in DEFAULT mode.
2025-09-03T11:26:08,397 [restartedMain] INFO repository.config.RepositoryConfigurationDelegate - Finished Spring Data repository scanning in 12 ms. Found 0 Redis repository interfaces.
2025-09-03T11:26:08,863 [restartedMain] INFO embedded.tomcat.TomcatWebServer - Tomcat initialized with port(s): 8080 (http)
2025-09-03T11:26:08,868 [restartedMain] INFO coyote.http11.Http11NioProtocol - Initializing ProtocolHandler ["http-nio-8080"]
2025-09-03T11:26:08,868 [restartedMain] INFO catalina.core.StandardService - Starting service [Tomcat]
2025-09-03T11:26:08,869 [restartedMain] INFO catalina.core.StandardEngine - Starting Servlet engine: [Apache Tomcat/9.0.83]
2025-09-03T11:26:08,910 [restartedMain] INFO [Tomcat].[localhost].[/] - Initializing Spring embedded WebApplicationContext
2025-09-03T11:26:08,910 [restartedMain] INFO servlet.context.ServletWebServerApplicationContext - Root WebApplicationContext: initialization completed in 940 ms
2025-09-03T11:26:09,369 [restartedMain] INFO spi.client.ClientAuthPluginManager - [ClientAuthPluginManager] Load ClientAuthService com.alibaba.nacos.client.auth.impl.NacosClientAuthServiceImpl success.
2025-09-03T11:26:09,370 [restartedMain] INFO spi.client.ClientAuthPluginManager - [ClientAuthPluginManager] Load ClientAuthService com.alibaba.nacos.client.auth.ram.RamClientAuthServiceImpl success.
2025-09-03T11:26:09,741 [restartedMain] INFO devtools.autoconfigure.OptionalLiveReloadServer - LiveReload server is running on port 35729
2025-09-03T11:26:09,744 [restartedMain] INFO context.event.LoggingNacosConfigMetadataEventListener - Nacos Config Metadata : dataId='index-prod', groupId='DEFAULT_GROUP', beanName='timeLineConfig', bean='TimeLineConfig(timeline=[TimeLineItem(title=第一课, time=2025-8-3, description=这是第一课), TimeLineItem(title=第二课, time=2025-9-3, description=这是第二课)])', beanType='class com.kwang.study.index.config.TimeLineConfig$$EnhancerBySpringCGLIB$$1a5aecd6', annotatedElement='class com.kwang.study.index.config.TimeLineConfig$$EnhancerBySpringCGLIB$$1a5aecd6', xmlResource='null', nacosProperties='{encode=UTF-8, password=******, serverAddr=47.121.116.149:8848, enableRemoteSyncConfig=false, username=nacos}', nacosPropertiesAttributes='{accessKey=${nacos.access-key:}, clusterName=${nacos.cluster-name:}, configLongPollTimeout=${nacos.configLongPollTimeout:}, configRetryTime=${nacos.configRetryTime:}, contextPath=${nacos.context-path:}, enableRemoteSyncConfig=${nacos.enableRemoteSyncConfig:}, encode=${nacos.encode:UTF-8}, endpoint=${nacos.endpoint:}, maxRetry=${nacos.maxRetry:}, namespace=${nacos.namespace:}, password=${nacos.password:}, secretKey=${nacos.secret-key:}, serverAddr=${nacos.server-addr:}, username=${nacos.username:}}', source='@com.alibaba.nacos.api.config.annotation.NacosConfigurationProperties(ignoreUnknownFields=true, autoRefreshed=true, exceptionIfInvalid=true, ignoreInvalidFields=false, ignoreNestedProperties=false, prefix="kwang.index", groupId="DEFAULT_GROUP", type=YAML, properties=@com.alibaba.nacos.api.annotation.NacosProperties(encode="${nacos.encode:UTF-8}", secretKey="${nacos.secret-key:}", contextPath="${nacos.context-path:}", configLongPollTimeout="${nacos.configLongPollTimeout:}", maxRetry="${nacos.maxRetry:}", endpoint="${nacos.endpoint:}", password="${nacos.password:}", configRetryTime="${nacos.configRetryTime:}", serverAddr="${nacos.server-addr:}", accessKey="${nacos.access-key:}", enableRemoteSyncConfig="${nacos.enableRemoteSyncConfig:}", clusterName="${nacos.cluster-name:}", namespace="${nacos.namespace:}", username="${nacos.username:}"), yaml=false, dataId="index-prod")', timestamp='1756869969742'
2025-09-03T11:26:09,973 [restartedMain] INFO security.web.DefaultSecurityFilterChain - Will secure any request with [org.springframework.security.web.session.DisableEncodeUrlFilter@79eb9307, org.springframework.security.web.context.request.async.WebAsyncManagerIntegrationFilter@6a033be, org.springframework.security.web.context.SecurityContextPersistenceFilter@59c88e9e, org.springframework.security.web.header.HeaderWriterFilter@7c5bd7b3, org.springframework.security.web.authentication.logout.LogoutFilter@73b2eebb, com.kwang.study.auth.filter.JwtAuthenticationFilter@42b6e36f, org.springframework.security.web.savedrequest.RequestCacheAwareFilter@30dda257, org.springframework.security.web.servletapi.SecurityContextHolderAwareRequestFilter@2d7c66ac, org.springframework.security.web.authentication.AnonymousAuthenticationFilter@240a5ccf, org.springframework.security.web.session.SessionManagementFilter@3c01f6be, org.springframework.security.web.access.ExceptionTranslationFilter@78c366b0, org.springframework.security.web.access.intercept.AuthorizationFilter@2ac83b06]
2025-09-03T11:26:10,425 [restartedMain] INFO coyote.http11.Http11NioProtocol - Starting ProtocolHandler ["http-nio-8080"]
2025-09-03T11:26:10,432 [restartedMain] INFO embedded.tomcat.TomcatWebServer - Tomcat started on port(s): 8080 (http) with context path ''
2025-09-03T11:26:10,433 [restartedMain] INFO simp.broker.SimpleBrokerMessageHandler - Starting...
2025-09-03T11:26:10,433 [restartedMain] INFO simp.broker.SimpleBrokerMessageHandler - BrokerAvailabilityEvent[available=true, SimpleBrokerMessageHandler [org.springframework.messaging.simp.broker.DefaultSubscriptionRegistry@1b9e8935]]
2025-09-03T11:26:10,433 [restartedMain] INFO simp.broker.SimpleBrokerMessageHandler - Started.
2025-09-03T11:26:10,448 [restartedMain] INFO kwang.study.StudyApplication - Started StudyApplication in 3.645 seconds (JVM running for 9.13)
2025-09-03T11:26:22,278 [http-nio-8080-exec-1] INFO [Tomcat].[localhost].[/] - Initializing Spring DispatcherServlet 'dispatcherServlet'
2025-09-03T11:26:22,279 [http-nio-8080-exec-1] INFO web.servlet.DispatcherServlet - Initializing Servlet 'dispatcherServlet'
2025-09-03T11:26:22,279 [http-nio-8080-exec-1] INFO web.servlet.DispatcherServlet - Completed initialization in 0 ms
2025-09-03T11:26:22,561 [http-nio-8080-exec-5] INFO zaxxer.hikari.HikariDataSource - HikariPool-1 - Starting...
2025-09-03T11:26:23,610 [http-nio-8080-exec-5] ERROR hikari.pool.HikariPool - HikariPool-1 - Exception during pool initialization.
com.mysql.cj.jdbc.exceptions.CommunicationsException: Communications link failure

The last packet sent successfully to the server was 0 milliseconds ago. The driver has not received any packets from the server.
	at com.mysql.cj.jdbc.exceptions.SQLError.createCommunicationsException(SQLError.java:175) ~[mysql-connector-j-8.0.33.jar:8.0.33]
	at com.mysql.cj.jdbc.exceptions.SQLExceptionsMapping.translateException(SQLExceptionsMapping.java:64) ~[mysql-connector-j-8.0.33.jar:8.0.33]
	at com.mysql.cj.jdbc.ConnectionImpl.createNewIO(ConnectionImpl.java:825) ~[mysql-connector-j-8.0.33.jar:8.0.33]
	at com.mysql.cj.jdbc.ConnectionImpl.<init>(ConnectionImpl.java:446) ~[mysql-connector-j-8.0.33.jar:8.0.33]
	at com.mysql.cj.jdbc.ConnectionImpl.getInstance(ConnectionImpl.java:239) ~[mysql-connector-j-8.0.33.jar:8.0.33]
	at com.mysql.cj.jdbc.NonRegisteringDriver.connect(NonRegisteringDriver.java:188) ~[mysql-connector-j-8.0.33.jar:8.0.33]
	at com.zaxxer.hikari.util.DriverDataSource.getConnection(DriverDataSource.java:138) ~[HikariCP-4.0.3.jar:?]
	at com.zaxxer.hikari.pool.PoolBase.newConnection(PoolBase.java:364) ~[HikariCP-4.0.3.jar:?]
	at com.zaxxer.hikari.pool.PoolBase.newPoolEntry(PoolBase.java:206) ~[HikariCP-4.0.3.jar:?]
	at com.zaxxer.hikari.pool.HikariPool.createPoolEntry(HikariPool.java:476) ~[HikariCP-4.0.3.jar:?]
	at com.zaxxer.hikari.pool.HikariPool.checkFailFast(HikariPool.java:561) ~[HikariCP-4.0.3.jar:?]
	at com.zaxxer.hikari.pool.HikariPool.<init>(HikariPool.java:115) ~[HikariCP-4.0.3.jar:?]
	at com.zaxxer.hikari.HikariDataSource.getConnection(HikariDataSource.java:112) ~[HikariCP-4.0.3.jar:?]
	at org.springframework.jdbc.datasource.DataSourceUtils.fetchConnection(DataSourceUtils.java:160) ~[spring-jdbc-5.3.31.jar:5.3.31]
	at org.springframework.jdbc.datasource.DataSourceUtils.doGetConnection(DataSourceUtils.java:118) ~[spring-jdbc-5.3.31.jar:5.3.31]
	at org.springframework.jdbc.datasource.DataSourceUtils.getConnection(DataSourceUtils.java:81) ~[spring-jdbc-5.3.31.jar:5.3.31]
	at org.mybatis.spring.transaction.SpringManagedTransaction.openConnection(SpringManagedTransaction.java:80) ~[mybatis-spring-2.1.2.jar:2.1.2]
	at org.mybatis.spring.transaction.SpringManagedTransaction.getConnection(SpringManagedTransaction.java:67) ~[mybatis-spring-2.1.2.jar:2.1.2]
	at org.apache.ibatis.executor.BaseExecutor.getConnection(BaseExecutor.java:348) ~[mybatis-3.5.14.jar:3.5.14]
	at org.apache.ibatis.executor.SimpleExecutor.prepareStatement(SimpleExecutor.java:89) ~[mybatis-3.5.14.jar:3.5.14]
	at org.apache.ibatis.executor.SimpleExecutor.doQuery(SimpleExecutor.java:64) ~[mybatis-3.5.14.jar:3.5.14]
	at org.apache.ibatis.executor.BaseExecutor.queryFromDatabase(BaseExecutor.java:336) ~[mybatis-3.5.14.jar:3.5.14]
	at org.apache.ibatis.executor.BaseExecutor.query(BaseExecutor.java:158) ~[mybatis-3.5.14.jar:3.5.14]
	at org.apache.ibatis.executor.CachingExecutor.query(CachingExecutor.java:110) ~[mybatis-3.5.14.jar:3.5.14]
	at org.apache.ibatis.executor.CachingExecutor.query(CachingExecutor.java:90) ~[mybatis-3.5.14.jar:3.5.14]
	at org.apache.ibatis.session.defaults.DefaultSqlSession.selectList(DefaultSqlSession.java:154) ~[mybatis-3.5.14.jar:3.5.14]
	at org.apache.ibatis.session.defaults.DefaultSqlSession.selectList(DefaultSqlSession.java:147) ~[mybatis-3.5.14.jar:3.5.14]
	at org.apache.ibatis.session.defaults.DefaultSqlSession.selectList(DefaultSqlSession.java:142) ~[mybatis-3.5.14.jar:3.5.14]
	at org.apache.ibatis.session.defaults.DefaultSqlSession.selectOne(DefaultSqlSession.java:75) ~[mybatis-3.5.14.jar:3.5.14]
	at jdk.internal.reflect.NativeMethodAccessorImpl.invoke0(Native Method) ~[?:?]
	at jdk.internal.reflect.NativeMethodAccessorImpl.invoke(NativeMethodAccessorImpl.java:62) ~[?:?]
	at jdk.internal.reflect.DelegatingMethodAccessorImpl.invoke(DelegatingMethodAccessorImpl.java:43) ~[?:?]
	at java.lang.reflect.Method.invoke(Method.java:566) ~[?:?]
	at org.mybatis.spring.SqlSessionTemplate$SqlSessionInterceptor.invoke(SqlSessionTemplate.java:425) ~[mybatis-spring-2.1.2.jar:2.1.2]
	at com.sun.proxy.$Proxy99.selectOne(Unknown Source) ~[?:?]
	at org.mybatis.spring.SqlSessionTemplate.selectOne(SqlSessionTemplate.java:160) ~[mybatis-spring-2.1.2.jar:2.1.2]
	at org.apache.ibatis.binding.MapperMethod.execute(MapperMethod.java:87) ~[mybatis-3.5.14.jar:3.5.14]
	at org.apache.ibatis.binding.MapperProxy$PlainMethodInvoker.invoke(MapperProxy.java:141) ~[mybatis-3.5.14.jar:3.5.14]
	at org.apache.ibatis.binding.MapperProxy.invoke(MapperProxy.java:86) ~[mybatis-3.5.14.jar:3.5.14]
	at com.sun.proxy.$Proxy100.findByUsername(Unknown Source) ~[?:?]
	at com.kwang.study.auth.service.UserDetailsServiceImpl.loadUserByUsername(UserDetailsServiceImpl.java:25) ~[classes/:?]
	at com.kwang.study.auth.filter.JwtAuthenticationFilter.doFilterInternal(JwtAuthenticationFilter.java:45) ~[classes/:?]
	at org.springframework.web.filter.OncePerRequestFilter.doFilter(OncePerRequestFilter.java:117) ~[spring-web-5.3.31.jar:5.3.31]
	at org.springframework.security.web.FilterChainProxy$VirtualFilterChain.doFilter(FilterChainProxy.java:346) ~[spring-security-web-5.7.11.jar:5.7.11]
	at org.springframework.security.web.authentication.logout.LogoutFilter.doFilter(LogoutFilter.java:103) ~[spring-security-web-5.7.11.jar:5.7.11]
	at org.springframework.security.web.authentication.logout.LogoutFilter.doFilter(LogoutFilter.java:89) ~[spring-security-web-5.7.11.jar:5.7.11]
	at org.springframework.security.web.FilterChainProxy$VirtualFilterChain.doFilter(FilterChainProxy.java:346) ~[spring-security-web-5.7.11.jar:5.7.11]
	at org.springframework.security.web.header.HeaderWriterFilter.doHeadersAfter(HeaderWriterFilter.java:90) ~[spring-security-web-5.7.11.jar:5.7.11]
	at org.springframework.security.web.header.HeaderWriterFilter.doFilterInternal(HeaderWriterFilter.java:75) ~[spring-security-web-5.7.11.jar:5.7.11]
	at org.springframework.web.filter.OncePerRequestFilter.doFilter(OncePerRequestFilter.java:117) ~[spring-web-5.3.31.jar:5.3.31]
	at org.springframework.security.web.FilterChainProxy$VirtualFilterChain.doFilter(FilterChainProxy.java:346) ~[spring-security-web-5.7.11.jar:5.7.11]
	at org.springframework.security.web.context.SecurityContextPersistenceFilter.doFilter(SecurityContextPersistenceFilter.java:112) ~[spring-security-web-5.7.11.jar:5.7.11]
	at org.springframework.security.web.context.SecurityContextPersistenceFilter.doFilter(SecurityContextPersistenceFilter.java:82) ~[spring-security-web-5.7.11.jar:5.7.11]
	at org.springframework.security.web.FilterChainProxy$VirtualFilterChain.doFilter(FilterChainProxy.java:346) ~[spring-security-web-5.7.11.jar:5.7.11]
	at org.springframework.security.web.context.request.async.WebAsyncManagerIntegrationFilter.doFilterInternal(WebAsyncManagerIntegrationFilter.java:55) ~[spring-security-web-5.7.11.jar:5.7.11]
	at org.springframework.web.filter.OncePerRequestFilter.doFilter(OncePerRequestFilter.java:117) ~[spring-web-5.3.31.jar:5.3.31]
	at org.springframework.security.web.FilterChainProxy$VirtualFilterChain.doFilter(FilterChainProxy.java:346) ~[spring-security-web-5.7.11.jar:5.7.11]
	at org.springframework.security.web.session.DisableEncodeUrlFilter.doFilterInternal(DisableEncodeUrlFilter.java:42) ~[spring-security-web-5.7.11.jar:5.7.11]
	at org.springframework.web.filter.OncePerRequestFilter.doFilter(OncePerRequestFilter.java:117) ~[spring-web-5.3.31.jar:5.3.31]
	at org.springframework.security.web.FilterChainProxy$VirtualFilterChain.doFilter(FilterChainProxy.java:346) ~[spring-security-web-5.7.11.jar:5.7.11]
	at org.springframework.security.web.FilterChainProxy.doFilterInternal(FilterChainProxy.java:221) ~[spring-security-web-5.7.11.jar:5.7.11]
	at org.springframework.security.web.FilterChainProxy.doFilter(FilterChainProxy.java:186) ~[spring-security-web-5.7.11.jar:5.7.11]
	at org.springframework.web.filter.DelegatingFilterProxy.invokeDelegate(DelegatingFilterProxy.java:354) ~[spring-web-5.3.31.jar:5.3.31]
	at org.springframework.web.filter.DelegatingFilterProxy.doFilter(DelegatingFilterProxy.java:267) ~[spring-web-5.3.31.jar:5.3.31]
	at org.apache.catalina.core.ApplicationFilterChain.internalDoFilter(ApplicationFilterChain.java:178) ~[tomcat-embed-core-9.0.83.jar:9.0.83]
	at org.apache.catalina.core.ApplicationFilterChain.doFilter(ApplicationFilterChain.java:153) ~[tomcat-embed-core-9.0.83.jar:9.0.83]
	at org.springframework.web.filter.RequestContextFilter.doFilterInternal(RequestContextFilter.java:100) ~[spring-web-5.3.31.jar:5.3.31]
	at org.springframework.web.filter.OncePerRequestFilter.doFilter(OncePerRequestFilter.java:117) ~[spring-web-5.3.31.jar:5.3.31]
	at org.apache.catalina.core.ApplicationFilterChain.internalDoFilter(ApplicationFilterChain.java:178) ~[tomcat-embed-core-9.0.83.jar:9.0.83]
	at org.apache.catalina.core.ApplicationFilterChain.doFilter(ApplicationFilterChain.java:153) ~[tomcat-embed-core-9.0.83.jar:9.0.83]
	at org.springframework.web.filter.FormContentFilter.doFilterInternal(FormContentFilter.java:93) ~[spring-web-5.3.31.jar:5.3.31]
	at org.springframework.web.filter.OncePerRequestFilter.doFilter(OncePerRequestFilter.java:117) ~[spring-web-5.3.31.jar:5.3.31]
	at org.apache.catalina.core.ApplicationFilterChain.internalDoFilter(ApplicationFilterChain.java:178) ~[tomcat-embed-core-9.0.83.jar:9.0.83]
	at org.apache.catalina.core.ApplicationFilterChain.doFilter(ApplicationFilterChain.java:153) ~[tomcat-embed-core-9.0.83.jar:9.0.83]
	at org.springframework.web.filter.CharacterEncodingFilter.doFilterInternal(CharacterEncodingFilter.java:201) ~[spring-web-5.3.31.jar:5.3.31]
	at org.springframework.web.filter.OncePerRequestFilter.doFilter(OncePerRequestFilter.java:117) ~[spring-web-5.3.31.jar:5.3.31]
	at org.apache.catalina.core.ApplicationFilterChain.internalDoFilter(ApplicationFilterChain.java:178) ~[tomcat-embed-core-9.0.83.jar:9.0.83]
	at org.apache.catalina.core.ApplicationFilterChain.doFilter(ApplicationFilterChain.java:153) ~[tomcat-embed-core-9.0.83.jar:9.0.83]
	at org.apache.catalina.core.StandardWrapperValve.invoke(StandardWrapperValve.java:168) ~[tomcat-embed-core-9.0.83.jar:9.0.83]
	at org.apache.catalina.core.StandardContextValve.invoke(StandardContextValve.java:90) ~[tomcat-embed-core-9.0.83.jar:9.0.83]
	at org.apache.catalina.authenticator.AuthenticatorBase.invoke(AuthenticatorBase.java:481) ~[tomcat-embed-core-9.0.83.jar:9.0.83]
	at org.apache.catalina.core.StandardHostValve.invoke(StandardHostValve.java:130) ~[tomcat-embed-core-9.0.83.jar:9.0.83]
	at org.apache.catalina.valves.ErrorReportValve.invoke(ErrorReportValve.java:93) ~[tomcat-embed-core-9.0.83.jar:9.0.83]
	at org.apache.catalina.core.StandardEngineValve.invoke(StandardEngineValve.java:74) ~[tomcat-embed-core-9.0.83.jar:9.0.83]
	at org.apache.catalina.connector.CoyoteAdapter.service(CoyoteAdapter.java:342) ~[tomcat-embed-core-9.0.83.jar:9.0.83]
	at org.apache.coyote.http11.Http11Processor.service(Http11Processor.java:390) ~[tomcat-embed-core-9.0.83.jar:9.0.83]
	at org.apache.coyote.AbstractProcessorLight.process(AbstractProcessorLight.java:63) ~[tomcat-embed-core-9.0.83.jar:9.0.83]
	at org.apache.coyote.AbstractProtocol$ConnectionHandler.process(AbstractProtocol.java:928) ~[tomcat-embed-core-9.0.83.jar:9.0.83]
	at org.apache.tomcat.util.net.NioEndpoint$SocketProcessor.doRun(NioEndpoint.java:1794) ~[tomcat-embed-core-9.0.83.jar:9.0.83]
	at org.apache.tomcat.util.net.SocketProcessorBase.run(SocketProcessorBase.java:52) ~[tomcat-embed-core-9.0.83.jar:9.0.83]
	at org.apache.tomcat.util.threads.ThreadPoolExecutor.runWorker(ThreadPoolExecutor.java:1191) ~[tomcat-embed-core-9.0.83.jar:9.0.83]
	at org.apache.tomcat.util.threads.ThreadPoolExecutor$Worker.run(ThreadPoolExecutor.java:659) ~[tomcat-embed-core-9.0.83.jar:9.0.83]
	at org.apache.tomcat.util.threads.TaskThread$WrappingRunnable.run(TaskThread.java:61) ~[tomcat-embed-core-9.0.83.jar:9.0.83]
	at java.lang.Thread.run(Thread.java:829) ~[?:?]
Caused by: com.mysql.cj.exceptions.CJCommunicationsException: Communications link failure

The last packet sent successfully to the server was 0 milliseconds ago. The driver has not received any packets from the server.
	at jdk.internal.reflect.NativeConstructorAccessorImpl.newInstance0(Native Method) ~[?:?]
	at jdk.internal.reflect.NativeConstructorAccessorImpl.newInstance(NativeConstructorAccessorImpl.java:62) ~[?:?]
	at jdk.internal.reflect.DelegatingConstructorAccessorImpl.newInstance(DelegatingConstructorAccessorImpl.java:45) ~[?:?]
	at java.lang.reflect.Constructor.newInstance(Constructor.java:490) ~[?:?]
	at com.mysql.cj.exceptions.ExceptionFactory.createException(ExceptionFactory.java:62) ~[mysql-connector-j-8.0.33.jar:8.0.33]
	at com.mysql.cj.exceptions.ExceptionFactory.createException(ExceptionFactory.java:105) ~[mysql-connector-j-8.0.33.jar:8.0.33]
	at com.mysql.cj.exceptions.ExceptionFactory.createException(ExceptionFactory.java:150) ~[mysql-connector-j-8.0.33.jar:8.0.33]
	at com.mysql.cj.exceptions.ExceptionFactory.createCommunicationsException(ExceptionFactory.java:166) ~[mysql-connector-j-8.0.33.jar:8.0.33]
	at com.mysql.cj.protocol.a.NativeSocketConnection.connect(NativeSocketConnection.java:89) ~[mysql-connector-j-8.0.33.jar:8.0.33]
	at com.mysql.cj.NativeSession.connect(NativeSession.java:121) ~[mysql-connector-j-8.0.33.jar:8.0.33]
	at com.mysql.cj.jdbc.ConnectionImpl.connectOneTryOnly(ConnectionImpl.java:945) ~[mysql-connector-j-8.0.33.jar:8.0.33]
	at com.mysql.cj.jdbc.ConnectionImpl.createNewIO(ConnectionImpl.java:815) ~[mysql-connector-j-8.0.33.jar:8.0.33]
	... 91 more
Caused by: java.net.ConnectException: Connection refused (Connection refused)
	at java.net.PlainSocketImpl.socketConnect(Native Method) ~[?:?]
	at java.net.AbstractPlainSocketImpl.doConnect(AbstractPlainSocketImpl.java:412) ~[?:?]
	at java.net.AbstractPlainSocketImpl.connectToAddress(AbstractPlainSocketImpl.java:255) ~[?:?]
	at java.net.AbstractPlainSocketImpl.connect(AbstractPlainSocketImpl.java:237) ~[?:?]
	at java.net.SocksSocketImpl.connect(SocksSocketImpl.java:392) ~[?:?]
	at java.net.Socket.connect(Socket.java:609) ~[?:?]
	at com.mysql.cj.protocol.StandardSocketFactory.connect(StandardSocketFactory.java:153) ~[mysql-connector-j-8.0.33.jar:8.0.33]
	at com.mysql.cj.protocol.a.NativeSocketConnection.connect(NativeSocketConnection.java:63) ~[mysql-connector-j-8.0.33.jar:8.0.33]
	at com.mysql.cj.NativeSession.connect(NativeSession.java:121) ~[mysql-connector-j-8.0.33.jar:8.0.33]
	at com.mysql.cj.jdbc.ConnectionImpl.connectOneTryOnly(ConnectionImpl.java:945) ~[mysql-connector-j-8.0.33.jar:8.0.33]
	at com.mysql.cj.jdbc.ConnectionImpl.createNewIO(ConnectionImpl.java:815) ~[mysql-connector-j-8.0.33.jar:8.0.33]
	... 91 more
2025-09-03T11:26:33,407 [http-nio-8080-exec-10] ERROR [localhost].[/].[dispatcherServlet] - Servlet.service() for servlet [dispatcherServlet] in context with path [] threw exception [Request processing failed; nested exception is org.springframework.data.redis.RedisConnectionFailureException: Unable to connect to Redis; nested exception is io.lettuce.core.RedisConnectionException: Unable to connect to 127.0.0.1:6379] with root cause
java.net.ConnectException: Connection refused
	at sun.nio.ch.SocketChannelImpl.checkConnect(Native Method) ~[?:?]
	at sun.nio.ch.SocketChannelImpl.finishConnect(SocketChannelImpl.java:777) ~[?:?]
	at io.netty.channel.socket.nio.NioSocketChannel.doFinishConnect(NioSocketChannel.java:337) ~[netty-transport-4.1.101.Final.jar:4.1.101.Final]
	at io.netty.channel.nio.AbstractNioChannel$AbstractNioUnsafe.finishConnect(AbstractNioChannel.java:334) ~[netty-transport-4.1.101.Final.jar:4.1.101.Final]
	at io.netty.channel.nio.NioEventLoop.processSelectedKey(NioEventLoop.java:776) ~[netty-transport-4.1.101.Final.jar:4.1.101.Final]
	at io.netty.channel.nio.NioEventLoop.processSelectedKeysOptimized(NioEventLoop.java:724) ~[netty-transport-4.1.101.Final.jar:4.1.101.Final]
	at io.netty.channel.nio.NioEventLoop.processSelectedKeys(NioEventLoop.java:650) ~[netty-transport-4.1.101.Final.jar:4.1.101.Final]
	at io.netty.channel.nio.NioEventLoop.run(NioEventLoop.java:562) ~[netty-transport-4.1.101.Final.jar:4.1.101.Final]
	at io.netty.util.concurrent.SingleThreadEventExecutor$4.run(SingleThreadEventExecutor.java:997) ~[netty-common-4.1.101.Final.jar:4.1.101.Final]
	at io.netty.util.internal.ThreadExecutorMap$2.run(ThreadExecutorMap.java:74) ~[netty-common-4.1.101.Final.jar:4.1.101.Final]
	at io.netty.util.concurrent.FastThreadLocalRunnable.run(FastThreadLocalRunnable.java:30) ~[netty-common-4.1.101.Final.jar:4.1.101.Final]
	at java.lang.Thread.run(Thread.java:829) ~[?:?]
2025-09-03T11:27:10,021 [MessageBroker-1] INFO socket.config.WebSocketMessageBrokerStats - WebSocketSession[0 current WS(0)-HttpStream(0)-HttpPoll(0), 0 total, 0 closed abnormally (0 connect failure, 0 send limit, 0 transport error)], stompSubProtocol[processed CONNECT(0)-CONNECTED(0)-DISCONNECT(0)], stompBrokerRelay[null], inboundChannel[pool size = 0, active threads = 0, queued tasks = 0, completed tasks = 0], outboundChannel[pool size = 0, active threads = 0, queued tasks = 0, completed tasks = 0], sockJsScheduler[pool size = 1, active threads = 1, queued tasks = 0, completed tasks = 0]
2025-09-03T11:28:01,838 [Thread-3] WARN common.http.HttpClientBeanHolder - [HttpClientBeanHolder] Start destroying common HttpClient
2025-09-03T11:28:01,838 [Thread-8] WARN common.notify.NotifyCenter - [NotifyCenter] Start destroying Publisher
2025-09-03T11:28:01,839 [Thread-8] WARN common.notify.NotifyCenter - [NotifyCenter] Destruction of the end
2025-09-03T11:28:01,840 [Thread-3] WARN common.http.HttpClientBeanHolder - [HttpClientBeanHolder] Destruction of the end
2025-09-03T11:28:01,850 [SpringApplicationShutdownHook] INFO simp.broker.SimpleBrokerMessageHandler - Stopping...
2025-09-03T11:28:01,851 [SpringApplicationShutdownHook] INFO simp.broker.SimpleBrokerMessageHandler - BrokerAvailabilityEvent[available=false, SimpleBrokerMessageHandler [org.springframework.messaging.simp.broker.DefaultSubscriptionRegistry@1b9e8935]]
2025-09-03T11:28:01,851 [SpringApplicationShutdownHook] INFO simp.broker.SimpleBrokerMessageHandler - Stopped.
2025-09-03T11:28:09,223 [restartedMain] INFO config.util.NacosConfigPropertiesUtils - nacosConfigProperties : NacosConfigProperties{serverAddr='47.121.116.149:8848', contextPath='null', encode='null', endpoint='null', namespace='null', accessKey='null', secretKey='null', ramRoleName='null', autoRefresh=false, dataId='null', dataIds='study-prod,index-prod', group='DEFAULT_GROUP', type=YAML, maxRetry='null', configLongPollTimeout='null', configRetryTime='null', enableRemoteSyncConfig=false, extConfig=[], bootstrap=Bootstrap{enable=true, logEnable=false}}
2025-09-03T11:28:09,240 [background-preinit] INFO internal.util.Version - HV000001: Hibernate Validator 6.2.5.Final
2025-09-03T11:28:09,254 [restartedMain] INFO config.util.NacosConfigPropertiesUtils - nacosConfigProperties : NacosConfigProperties{serverAddr='47.121.116.149:8848', contextPath='null', encode='null', endpoint='null', namespace='null', accessKey='null', secretKey='null', ramRoleName='null', autoRefresh=false, dataId='null', dataIds='study-prod,index-prod', group='DEFAULT_GROUP', type=YAML, maxRetry='null', configLongPollTimeout='null', configRetryTime='null', enableRemoteSyncConfig=false, extConfig=[], bootstrap=Bootstrap{enable=true, logEnable=false}}
2025-09-03T11:28:09,294 [restartedMain] INFO spi.client.ClientAuthPluginManager - [ClientAuthPluginManager] Load ClientAuthService com.alibaba.nacos.client.auth.impl.NacosClientAuthServiceImpl success.
2025-09-03T11:28:09,294 [restartedMain] INFO spi.client.ClientAuthPluginManager - [ClientAuthPluginManager] Load ClientAuthService com.alibaba.nacos.client.auth.ram.RamClientAuthServiceImpl success.
2025-09-03T11:28:10,133 [restartedMain] INFO config.util.NacosConfigLoader - load config from nacos, data-id is : study-prod, group is : DEFAULT_GROUP
2025-09-03T11:28:10,171 [restartedMain] INFO config.util.NacosConfigLoader - load config from nacos, data-id is : index-prod, group is : DEFAULT_GROUP
2025-09-03T11:28:10,173 [restartedMain] INFO kwang.study.StudyApplication - Starting StudyApplication using Java 11.0.27 on U-CVVMJWTP-2228.local with PID 3029 (/Users/kwang/Desktop/study/target/classes started by kwang in /Users/kwang/Desktop/study)
2025-09-03T11:28:10,174 [restartedMain] INFO kwang.study.StudyApplication - The following 1 profile is active: "prod"
2025-09-03T11:28:10,199 [restartedMain] INFO devtools.env.DevToolsPropertyDefaultsPostProcessor - Devtools property defaults active! Set 'spring.devtools.add-properties' to 'false' to disable
2025-09-03T11:28:10,199 [restartedMain] INFO devtools.env.DevToolsPropertyDefaultsPostProcessor - For additional web related logging consider setting the 'logging.level.web' property to 'DEBUG'
2025-09-03T11:28:10,559 [restartedMain] INFO repository.config.RepositoryConfigurationDelegate - Multiple Spring Data modules found, entering strict repository configuration mode
2025-09-03T11:28:10,560 [restartedMain] INFO repository.config.RepositoryConfigurationDelegate - Bootstrapping Spring Data Redis repositories in DEFAULT mode.
2025-09-03T11:28:10,579 [restartedMain] INFO repository.config.RepositoryConfigurationDelegate - Finished Spring Data repository scanning in 13 ms. Found 0 Redis repository interfaces.
2025-09-03T11:28:10,998 [restartedMain] INFO embedded.tomcat.TomcatWebServer - Tomcat initialized with port(s): 8080 (http)
2025-09-03T11:28:11,002 [restartedMain] INFO coyote.http11.Http11NioProtocol - Initializing ProtocolHandler ["http-nio-8080"]
2025-09-03T11:28:11,003 [restartedMain] INFO catalina.core.StandardService - Starting service [Tomcat]
2025-09-03T11:28:11,003 [restartedMain] INFO catalina.core.StandardEngine - Starting Servlet engine: [Apache Tomcat/9.0.83]
2025-09-03T11:28:11,043 [restartedMain] INFO [Tomcat].[localhost].[/] - Initializing Spring embedded WebApplicationContext
2025-09-03T11:28:11,043 [restartedMain] INFO servlet.context.ServletWebServerApplicationContext - Root WebApplicationContext: initialization completed in 844 ms
2025-09-03T11:28:11,465 [restartedMain] INFO spi.client.ClientAuthPluginManager - [ClientAuthPluginManager] Load ClientAuthService com.alibaba.nacos.client.auth.impl.NacosClientAuthServiceImpl success.
2025-09-03T11:28:11,465 [restartedMain] INFO spi.client.ClientAuthPluginManager - [ClientAuthPluginManager] Load ClientAuthService com.alibaba.nacos.client.auth.ram.RamClientAuthServiceImpl success.
2025-09-03T11:28:11,854 [restartedMain] INFO devtools.autoconfigure.OptionalLiveReloadServer - LiveReload server is running on port 35729
2025-09-03T11:28:11,856 [restartedMain] INFO context.event.LoggingNacosConfigMetadataEventListener - Nacos Config Metadata : dataId='index-prod', groupId='DEFAULT_GROUP', beanName='timeLineConfig', bean='TimeLineConfig(timeline=[TimeLineItem(title=第一课, time=2025-8-3, description=这是第一课), TimeLineItem(title=第二课, time=2025-9-3, description=这是第二课)])', beanType='class com.kwang.study.index.config.TimeLineConfig$$EnhancerBySpringCGLIB$$4be445c5', annotatedElement='class com.kwang.study.index.config.TimeLineConfig$$EnhancerBySpringCGLIB$$4be445c5', xmlResource='null', nacosProperties='{encode=UTF-8, password=******, serverAddr=47.121.116.149:8848, enableRemoteSyncConfig=false, username=nacos}', nacosPropertiesAttributes='{accessKey=${nacos.access-key:}, clusterName=${nacos.cluster-name:}, configLongPollTimeout=${nacos.configLongPollTimeout:}, configRetryTime=${nacos.configRetryTime:}, contextPath=${nacos.context-path:}, enableRemoteSyncConfig=${nacos.enableRemoteSyncConfig:}, encode=${nacos.encode:UTF-8}, endpoint=${nacos.endpoint:}, maxRetry=${nacos.maxRetry:}, namespace=${nacos.namespace:}, password=${nacos.password:}, secretKey=${nacos.secret-key:}, serverAddr=${nacos.server-addr:}, username=${nacos.username:}}', source='@com.alibaba.nacos.api.config.annotation.NacosConfigurationProperties(ignoreUnknownFields=true, autoRefreshed=true, exceptionIfInvalid=true, ignoreNestedProperties=false, ignoreInvalidFields=false, prefix="kwang.index", groupId="DEFAULT_GROUP", type=YAML, properties=@com.alibaba.nacos.api.annotation.NacosProperties(encode="${nacos.encode:UTF-8}", secretKey="${nacos.secret-key:}", contextPath="${nacos.context-path:}", configLongPollTimeout="${nacos.configLongPollTimeout:}", maxRetry="${nacos.maxRetry:}", endpoint="${nacos.endpoint:}", password="${nacos.password:}", configRetryTime="${nacos.configRetryTime:}", serverAddr="${nacos.server-addr:}", accessKey="${nacos.access-key:}", enableRemoteSyncConfig="${nacos.enableRemoteSyncConfig:}", clusterName="${nacos.cluster-name:}", namespace="${nacos.namespace:}", username="${nacos.username:}"), yaml=false, dataId="index-prod")', timestamp='1756870091855'
2025-09-03T11:28:12,051 [restartedMain] INFO security.web.DefaultSecurityFilterChain - Will secure any request with [org.springframework.security.web.session.DisableEncodeUrlFilter@364ea71d, org.springframework.security.web.context.request.async.WebAsyncManagerIntegrationFilter@752d9ffe, org.springframework.security.web.context.SecurityContextPersistenceFilter@46ed604d, org.springframework.security.web.header.HeaderWriterFilter@64428119, org.springframework.security.web.authentication.logout.LogoutFilter@6e2577fc, com.kwang.study.auth.filter.JwtAuthenticationFilter@638d5465, org.springframework.security.web.savedrequest.RequestCacheAwareFilter@ab3a136, org.springframework.security.web.servletapi.SecurityContextHolderAwareRequestFilter@27715725, org.springframework.security.web.authentication.AnonymousAuthenticationFilter@16fbdf0b, org.springframework.security.web.session.SessionManagementFilter@60360e4a, org.springframework.security.web.access.ExceptionTranslationFilter@27102d5, org.springframework.security.web.access.intercept.AuthorizationFilter@43b87b3a]
2025-09-03T11:28:12,383 [restartedMain] INFO coyote.http11.Http11NioProtocol - Starting ProtocolHandler ["http-nio-8080"]
2025-09-03T11:28:12,390 [restartedMain] INFO embedded.tomcat.TomcatWebServer - Tomcat started on port(s): 8080 (http) with context path ''
2025-09-03T11:28:12,391 [restartedMain] INFO simp.broker.SimpleBrokerMessageHandler - Starting...
2025-09-03T11:28:12,391 [restartedMain] INFO simp.broker.SimpleBrokerMessageHandler - BrokerAvailabilityEvent[available=true, SimpleBrokerMessageHandler [org.springframework.messaging.simp.broker.DefaultSubscriptionRegistry@366be860]]
2025-09-03T11:28:12,391 [restartedMain] INFO simp.broker.SimpleBrokerMessageHandler - Started.
2025-09-03T11:28:12,404 [restartedMain] INFO kwang.study.StudyApplication - Started StudyApplication in 3.388 seconds (JVM running for 8.843)
2025-09-03T11:28:27,742 [http-nio-8080-exec-1] INFO [Tomcat].[localhost].[/] - Initializing Spring DispatcherServlet 'dispatcherServlet'
2025-09-03T11:28:27,742 [http-nio-8080-exec-1] INFO web.servlet.DispatcherServlet - Initializing Servlet 'dispatcherServlet'
2025-09-03T11:28:27,743 [http-nio-8080-exec-1] INFO web.servlet.DispatcherServlet - Completed initialization in 1 ms
2025-09-03T11:28:35,763 [http-nio-8080-exec-5] INFO zaxxer.hikari.HikariDataSource - HikariPool-1 - Starting...
2025-09-03T11:28:36,812 [http-nio-8080-exec-5] ERROR hikari.pool.HikariPool - HikariPool-1 - Exception during pool initialization.
com.mysql.cj.jdbc.exceptions.CommunicationsException: Communications link failure

The last packet sent successfully to the server was 0 milliseconds ago. The driver has not received any packets from the server.
	at com.mysql.cj.jdbc.exceptions.SQLError.createCommunicationsException(SQLError.java:175) ~[mysql-connector-j-8.0.33.jar:8.0.33]
	at com.mysql.cj.jdbc.exceptions.SQLExceptionsMapping.translateException(SQLExceptionsMapping.java:64) ~[mysql-connector-j-8.0.33.jar:8.0.33]
	at com.mysql.cj.jdbc.ConnectionImpl.createNewIO(ConnectionImpl.java:825) ~[mysql-connector-j-8.0.33.jar:8.0.33]
	at com.mysql.cj.jdbc.ConnectionImpl.<init>(ConnectionImpl.java:446) ~[mysql-connector-j-8.0.33.jar:8.0.33]
	at com.mysql.cj.jdbc.ConnectionImpl.getInstance(ConnectionImpl.java:239) ~[mysql-connector-j-8.0.33.jar:8.0.33]
	at com.mysql.cj.jdbc.NonRegisteringDriver.connect(NonRegisteringDriver.java:188) ~[mysql-connector-j-8.0.33.jar:8.0.33]
	at com.zaxxer.hikari.util.DriverDataSource.getConnection(DriverDataSource.java:138) ~[HikariCP-4.0.3.jar:?]
	at com.zaxxer.hikari.pool.PoolBase.newConnection(PoolBase.java:364) ~[HikariCP-4.0.3.jar:?]
	at com.zaxxer.hikari.pool.PoolBase.newPoolEntry(PoolBase.java:206) ~[HikariCP-4.0.3.jar:?]
	at com.zaxxer.hikari.pool.HikariPool.createPoolEntry(HikariPool.java:476) ~[HikariCP-4.0.3.jar:?]
	at com.zaxxer.hikari.pool.HikariPool.checkFailFast(HikariPool.java:561) ~[HikariCP-4.0.3.jar:?]
	at com.zaxxer.hikari.pool.HikariPool.<init>(HikariPool.java:115) ~[HikariCP-4.0.3.jar:?]
	at com.zaxxer.hikari.HikariDataSource.getConnection(HikariDataSource.java:112) ~[HikariCP-4.0.3.jar:?]
	at org.springframework.jdbc.datasource.DataSourceUtils.fetchConnection(DataSourceUtils.java:160) ~[spring-jdbc-5.3.31.jar:5.3.31]
	at org.springframework.jdbc.datasource.DataSourceUtils.doGetConnection(DataSourceUtils.java:118) ~[spring-jdbc-5.3.31.jar:5.3.31]
	at org.springframework.jdbc.datasource.DataSourceUtils.getConnection(DataSourceUtils.java:81) ~[spring-jdbc-5.3.31.jar:5.3.31]
	at org.mybatis.spring.transaction.SpringManagedTransaction.openConnection(SpringManagedTransaction.java:80) ~[mybatis-spring-2.1.2.jar:2.1.2]
	at org.mybatis.spring.transaction.SpringManagedTransaction.getConnection(SpringManagedTransaction.java:67) ~[mybatis-spring-2.1.2.jar:2.1.2]
	at org.apache.ibatis.executor.BaseExecutor.getConnection(BaseExecutor.java:348) ~[mybatis-3.5.14.jar:3.5.14]
	at org.apache.ibatis.executor.SimpleExecutor.prepareStatement(SimpleExecutor.java:89) ~[mybatis-3.5.14.jar:3.5.14]
	at org.apache.ibatis.executor.SimpleExecutor.doQuery(SimpleExecutor.java:64) ~[mybatis-3.5.14.jar:3.5.14]
	at org.apache.ibatis.executor.BaseExecutor.queryFromDatabase(BaseExecutor.java:336) ~[mybatis-3.5.14.jar:3.5.14]
	at org.apache.ibatis.executor.BaseExecutor.query(BaseExecutor.java:158) ~[mybatis-3.5.14.jar:3.5.14]
	at org.apache.ibatis.executor.CachingExecutor.query(CachingExecutor.java:110) ~[mybatis-3.5.14.jar:3.5.14]
	at org.apache.ibatis.executor.CachingExecutor.query(CachingExecutor.java:90) ~[mybatis-3.5.14.jar:3.5.14]
	at org.apache.ibatis.session.defaults.DefaultSqlSession.selectList(DefaultSqlSession.java:154) ~[mybatis-3.5.14.jar:3.5.14]
	at org.apache.ibatis.session.defaults.DefaultSqlSession.selectList(DefaultSqlSession.java:147) ~[mybatis-3.5.14.jar:3.5.14]
	at org.apache.ibatis.session.defaults.DefaultSqlSession.selectList(DefaultSqlSession.java:142) ~[mybatis-3.5.14.jar:3.5.14]
	at org.apache.ibatis.session.defaults.DefaultSqlSession.selectOne(DefaultSqlSession.java:75) ~[mybatis-3.5.14.jar:3.5.14]
	at jdk.internal.reflect.NativeMethodAccessorImpl.invoke0(Native Method) ~[?:?]
	at jdk.internal.reflect.NativeMethodAccessorImpl.invoke(NativeMethodAccessorImpl.java:62) ~[?:?]
	at jdk.internal.reflect.DelegatingMethodAccessorImpl.invoke(DelegatingMethodAccessorImpl.java:43) ~[?:?]
	at java.lang.reflect.Method.invoke(Method.java:566) ~[?:?]
	at org.mybatis.spring.SqlSessionTemplate$SqlSessionInterceptor.invoke(SqlSessionTemplate.java:425) ~[mybatis-spring-2.1.2.jar:2.1.2]
	at com.sun.proxy.$Proxy99.selectOne(Unknown Source) ~[?:?]
	at org.mybatis.spring.SqlSessionTemplate.selectOne(SqlSessionTemplate.java:160) ~[mybatis-spring-2.1.2.jar:2.1.2]
	at org.apache.ibatis.binding.MapperMethod.execute(MapperMethod.java:87) ~[mybatis-3.5.14.jar:3.5.14]
	at org.apache.ibatis.binding.MapperProxy$PlainMethodInvoker.invoke(MapperProxy.java:141) ~[mybatis-3.5.14.jar:3.5.14]
	at org.apache.ibatis.binding.MapperProxy.invoke(MapperProxy.java:86) ~[mybatis-3.5.14.jar:3.5.14]
	at com.sun.proxy.$Proxy100.findByUsername(Unknown Source) ~[?:?]
	at com.kwang.study.auth.service.UserDetailsServiceImpl.loadUserByUsername(UserDetailsServiceImpl.java:25) ~[classes/:?]
	at org.springframework.security.authentication.dao.DaoAuthenticationProvider.retrieveUser(DaoAuthenticationProvider.java:94) ~[spring-security-core-5.7.11.jar:5.7.11]
	at org.springframework.security.authentication.dao.AbstractUserDetailsAuthenticationProvider.authenticate(AbstractUserDetailsAuthenticationProvider.java:133) ~[spring-security-core-5.7.11.jar:5.7.11]
	at org.springframework.security.authentication.ProviderManager.authenticate(ProviderManager.java:182) ~[spring-security-core-5.7.11.jar:5.7.11]
	at com.kwang.study.auth.controller.AuthController.login(AuthController.java:52) ~[classes/:?]
	at com.kwang.study.auth.controller.AuthController$$FastClassBySpringCGLIB$$b9ba17a2.invoke(<generated>) ~[classes/:?]
	at org.springframework.cglib.proxy.MethodProxy.invoke(MethodProxy.java:218) ~[spring-core-5.3.31.jar:5.3.31]
	at org.springframework.aop.framework.CglibAopProxy$CglibMethodInvocation.invokeJoinpoint(CglibAopProxy.java:792) ~[spring-aop-5.3.31.jar:5.3.31]
	at org.springframework.aop.framework.ReflectiveMethodInvocation.proceed(ReflectiveMethodInvocation.java:163) ~[spring-aop-5.3.31.jar:5.3.31]
	at org.springframework.aop.framework.CglibAopProxy$CglibMethodInvocation.proceed(CglibAopProxy.java:762) ~[spring-aop-5.3.31.jar:5.3.31]
	at org.springframework.validation.beanvalidation.MethodValidationInterceptor.invoke(MethodValidationInterceptor.java:123) ~[spring-context-5.3.31.jar:5.3.31]
	at org.springframework.aop.framework.ReflectiveMethodInvocation.proceed(ReflectiveMethodInvocation.java:186) ~[spring-aop-5.3.31.jar:5.3.31]
	at org.springframework.aop.framework.CglibAopProxy$CglibMethodInvocation.proceed(CglibAopProxy.java:762) ~[spring-aop-5.3.31.jar:5.3.31]
	at org.springframework.aop.framework.CglibAopProxy$DynamicAdvisedInterceptor.intercept(CglibAopProxy.java:707) ~[spring-aop-5.3.31.jar:5.3.31]
	at com.kwang.study.auth.controller.AuthController$$EnhancerBySpringCGLIB$$ad617c4a.login(<generated>) ~[classes/:?]
	at jdk.internal.reflect.NativeMethodAccessorImpl.invoke0(Native Method) ~[?:?]
	at jdk.internal.reflect.NativeMethodAccessorImpl.invoke(NativeMethodAccessorImpl.java:62) ~[?:?]
	at jdk.internal.reflect.DelegatingMethodAccessorImpl.invoke(DelegatingMethodAccessorImpl.java:43) ~[?:?]
	at java.lang.reflect.Method.invoke(Method.java:566) ~[?:?]
	at org.springframework.web.method.support.InvocableHandlerMethod.doInvoke(InvocableHandlerMethod.java:205) ~[spring-web-5.3.31.jar:5.3.31]
	at org.springframework.web.method.support.InvocableHandlerMethod.invokeForRequest(InvocableHandlerMethod.java:150) ~[spring-web-5.3.31.jar:5.3.31]
	at org.springframework.web.servlet.mvc.method.annotation.ServletInvocableHandlerMethod.invokeAndHandle(ServletInvocableHandlerMethod.java:117) ~[spring-webmvc-5.3.31.jar:5.3.31]
	at org.springframework.web.servlet.mvc.method.annotation.RequestMappingHandlerAdapter.invokeHandlerMethod(RequestMappingHandlerAdapter.java:895) ~[spring-webmvc-5.3.31.jar:5.3.31]
	at org.springframework.web.servlet.mvc.method.annotation.RequestMappingHandlerAdapter.handleInternal(RequestMappingHandlerAdapter.java:808) ~[spring-webmvc-5.3.31.jar:5.3.31]
	at org.springframework.web.servlet.mvc.method.AbstractHandlerMethodAdapter.handle(AbstractHandlerMethodAdapter.java:87) ~[spring-webmvc-5.3.31.jar:5.3.31]
	at org.springframework.web.servlet.DispatcherServlet.doDispatch(DispatcherServlet.java:1072) ~[spring-webmvc-5.3.31.jar:5.3.31]
	at org.springframework.web.servlet.DispatcherServlet.doService(DispatcherServlet.java:965) ~[spring-webmvc-5.3.31.jar:5.3.31]
	at org.springframework.web.servlet.FrameworkServlet.processRequest(FrameworkServlet.java:1006) ~[spring-webmvc-5.3.31.jar:5.3.31]
	at org.springframework.web.servlet.FrameworkServlet.doPost(FrameworkServlet.java:909) ~[spring-webmvc-5.3.31.jar:5.3.31]
	at javax.servlet.http.HttpServlet.service(HttpServlet.java:555) ~[tomcat-embed-core-9.0.83.jar:4.0.FR]
	at org.springframework.web.servlet.FrameworkServlet.service(FrameworkServlet.java:883) ~[spring-webmvc-5.3.31.jar:5.3.31]
	at javax.servlet.http.HttpServlet.service(HttpServlet.java:623) ~[tomcat-embed-core-9.0.83.jar:4.0.FR]
	at org.apache.catalina.core.ApplicationFilterChain.internalDoFilter(ApplicationFilterChain.java:209) ~[tomcat-embed-core-9.0.83.jar:9.0.83]
	at org.apache.catalina.core.ApplicationFilterChain.doFilter(ApplicationFilterChain.java:153) ~[tomcat-embed-core-9.0.83.jar:9.0.83]
	at org.apache.tomcat.websocket.server.WsFilter.doFilter(WsFilter.java:51) ~[tomcat-embed-websocket-9.0.83.jar:9.0.83]
	at org.apache.catalina.core.ApplicationFilterChain.internalDoFilter(ApplicationFilterChain.java:178) ~[tomcat-embed-core-9.0.83.jar:9.0.83]
	at org.apache.catalina.core.ApplicationFilterChain.doFilter(ApplicationFilterChain.java:153) ~[tomcat-embed-core-9.0.83.jar:9.0.83]
	at org.springframework.web.filter.OncePerRequestFilter.doFilter(OncePerRequestFilter.java:111) ~[spring-web-5.3.31.jar:5.3.31]
	at org.apache.catalina.core.ApplicationFilterChain.internalDoFilter(ApplicationFilterChain.java:178) ~[tomcat-embed-core-9.0.83.jar:9.0.83]
	at org.apache.catalina.core.ApplicationFilterChain.doFilter(ApplicationFilterChain.java:153) ~[tomcat-embed-core-9.0.83.jar:9.0.83]
	at org.springframework.security.web.FilterChainProxy$VirtualFilterChain.doFilter(FilterChainProxy.java:337) ~[spring-security-web-5.7.11.jar:5.7.11]
	at org.springframework.security.web.access.intercept.AuthorizationFilter.doFilter(AuthorizationFilter.java:96) ~[spring-security-web-5.7.11.jar:5.7.11]
	at org.springframework.security.web.FilterChainProxy$VirtualFilterChain.doFilter(FilterChainProxy.java:346) ~[spring-security-web-5.7.11.jar:5.7.11]
	at org.springframework.security.web.access.ExceptionTranslationFilter.doFilter(ExceptionTranslationFilter.java:122) ~[spring-security-web-5.7.11.jar:5.7.11]
	at org.springframework.security.web.access.ExceptionTranslationFilter.doFilter(ExceptionTranslationFilter.java:116) ~[spring-security-web-5.7.11.jar:5.7.11]
	at org.springframework.security.web.FilterChainProxy$VirtualFilterChain.doFilter(FilterChainProxy.java:346) ~[spring-security-web-5.7.11.jar:5.7.11]
	at org.springframework.security.web.session.SessionManagementFilter.doFilter(SessionManagementFilter.java:126) ~[spring-security-web-5.7.11.jar:5.7.11]
	at org.springframework.security.web.session.SessionManagementFilter.doFilter(SessionManagementFilter.java:81) ~[spring-security-web-5.7.11.jar:5.7.11]
	at org.springframework.security.web.FilterChainProxy$VirtualFilterChain.doFilter(FilterChainProxy.java:346) ~[spring-security-web-5.7.11.jar:5.7.11]
	at org.springframework.security.web.authentication.AnonymousAuthenticationFilter.doFilter(AnonymousAuthenticationFilter.java:109) ~[spring-security-web-5.7.11.jar:5.7.11]
	at org.springframework.security.web.FilterChainProxy$VirtualFilterChain.doFilter(FilterChainProxy.java:346) ~[spring-security-web-5.7.11.jar:5.7.11]
	at org.springframework.security.web.servletapi.SecurityContextHolderAwareRequestFilter.doFilter(SecurityContextHolderAwareRequestFilter.java:149) ~[spring-security-web-5.7.11.jar:5.7.11]
	at org.springframework.security.web.FilterChainProxy$VirtualFilterChain.doFilter(FilterChainProxy.java:346) ~[spring-security-web-5.7.11.jar:5.7.11]
	at org.springframework.security.web.savedrequest.RequestCacheAwareFilter.doFilter(RequestCacheAwareFilter.java:63) ~[spring-security-web-5.7.11.jar:5.7.11]
	at org.springframework.security.web.FilterChainProxy$VirtualFilterChain.doFilter(FilterChainProxy.java:346) ~[spring-security-web-5.7.11.jar:5.7.11]
	at com.kwang.study.auth.filter.JwtAuthenticationFilter.doFilterInternal(JwtAuthenticationFilter.java:37) ~[classes/:?]
	at org.springframework.web.filter.OncePerRequestFilter.doFilter(OncePerRequestFilter.java:117) ~[spring-web-5.3.31.jar:5.3.31]
	at org.springframework.security.web.FilterChainProxy$VirtualFilterChain.doFilter(FilterChainProxy.java:346) ~[spring-security-web-5.7.11.jar:5.7.11]
	at org.springframework.security.web.authentication.logout.LogoutFilter.doFilter(LogoutFilter.java:103) ~[spring-security-web-5.7.11.jar:5.7.11]
	at org.springframework.security.web.authentication.logout.LogoutFilter.doFilter(LogoutFilter.java:89) ~[spring-security-web-5.7.11.jar:5.7.11]
	at org.springframework.security.web.FilterChainProxy$VirtualFilterChain.doFilter(FilterChainProxy.java:346) ~[spring-security-web-5.7.11.jar:5.7.11]
	at org.springframework.security.web.header.HeaderWriterFilter.doHeadersAfter(HeaderWriterFilter.java:90) ~[spring-security-web-5.7.11.jar:5.7.11]
	at org.springframework.security.web.header.HeaderWriterFilter.doFilterInternal(HeaderWriterFilter.java:75) ~[spring-security-web-5.7.11.jar:5.7.11]
	at org.springframework.web.filter.OncePerRequestFilter.doFilter(OncePerRequestFilter.java:117) ~[spring-web-5.3.31.jar:5.3.31]
	at org.springframework.security.web.FilterChainProxy$VirtualFilterChain.doFilter(FilterChainProxy.java:346) ~[spring-security-web-5.7.11.jar:5.7.11]
	at org.springframework.security.web.context.SecurityContextPersistenceFilter.doFilter(SecurityContextPersistenceFilter.java:112) ~[spring-security-web-5.7.11.jar:5.7.11]
	at org.springframework.security.web.context.SecurityContextPersistenceFilter.doFilter(SecurityContextPersistenceFilter.java:82) ~[spring-security-web-5.7.11.jar:5.7.11]
	at org.springframework.security.web.FilterChainProxy$VirtualFilterChain.doFilter(FilterChainProxy.java:346) ~[spring-security-web-5.7.11.jar:5.7.11]
	at org.springframework.security.web.context.request.async.WebAsyncManagerIntegrationFilter.doFilterInternal(WebAsyncManagerIntegrationFilter.java:55) ~[spring-security-web-5.7.11.jar:5.7.11]
	at org.springframework.web.filter.OncePerRequestFilter.doFilter(OncePerRequestFilter.java:117) ~[spring-web-5.3.31.jar:5.3.31]
	at org.springframework.security.web.FilterChainProxy$VirtualFilterChain.doFilter(FilterChainProxy.java:346) ~[spring-security-web-5.7.11.jar:5.7.11]
	at org.springframework.security.web.session.DisableEncodeUrlFilter.doFilterInternal(DisableEncodeUrlFilter.java:42) ~[spring-security-web-5.7.11.jar:5.7.11]
	at org.springframework.web.filter.OncePerRequestFilter.doFilter(OncePerRequestFilter.java:117) ~[spring-web-5.3.31.jar:5.3.31]
	at org.springframework.security.web.FilterChainProxy$VirtualFilterChain.doFilter(FilterChainProxy.java:346) ~[spring-security-web-5.7.11.jar:5.7.11]
	at org.springframework.security.web.FilterChainProxy.doFilterInternal(FilterChainProxy.java:221) ~[spring-security-web-5.7.11.jar:5.7.11]
	at org.springframework.security.web.FilterChainProxy.doFilter(FilterChainProxy.java:186) ~[spring-security-web-5.7.11.jar:5.7.11]
	at org.springframework.web.filter.DelegatingFilterProxy.invokeDelegate(DelegatingFilterProxy.java:354) ~[spring-web-5.3.31.jar:5.3.31]
	at org.springframework.web.filter.DelegatingFilterProxy.doFilter(DelegatingFilterProxy.java:267) ~[spring-web-5.3.31.jar:5.3.31]
	at org.apache.catalina.core.ApplicationFilterChain.internalDoFilter(ApplicationFilterChain.java:178) ~[tomcat-embed-core-9.0.83.jar:9.0.83]
	at org.apache.catalina.core.ApplicationFilterChain.doFilter(ApplicationFilterChain.java:153) ~[tomcat-embed-core-9.0.83.jar:9.0.83]
	at org.springframework.web.filter.RequestContextFilter.doFilterInternal(RequestContextFilter.java:100) ~[spring-web-5.3.31.jar:5.3.31]
	at org.springframework.web.filter.OncePerRequestFilter.doFilter(OncePerRequestFilter.java:117) ~[spring-web-5.3.31.jar:5.3.31]
	at org.apache.catalina.core.ApplicationFilterChain.internalDoFilter(ApplicationFilterChain.java:178) ~[tomcat-embed-core-9.0.83.jar:9.0.83]
	at org.apache.catalina.core.ApplicationFilterChain.doFilter(ApplicationFilterChain.java:153) ~[tomcat-embed-core-9.0.83.jar:9.0.83]
	at org.springframework.web.filter.FormContentFilter.doFilterInternal(FormContentFilter.java:93) ~[spring-web-5.3.31.jar:5.3.31]
	at org.springframework.web.filter.OncePerRequestFilter.doFilter(OncePerRequestFilter.java:117) ~[spring-web-5.3.31.jar:5.3.31]
	at org.apache.catalina.core.ApplicationFilterChain.internalDoFilter(ApplicationFilterChain.java:178) ~[tomcat-embed-core-9.0.83.jar:9.0.83]
	at org.apache.catalina.core.ApplicationFilterChain.doFilter(ApplicationFilterChain.java:153) ~[tomcat-embed-core-9.0.83.jar:9.0.83]
	at org.springframework.web.filter.CharacterEncodingFilter.doFilterInternal(CharacterEncodingFilter.java:201) ~[spring-web-5.3.31.jar:5.3.31]
	at org.springframework.web.filter.OncePerRequestFilter.doFilter(OncePerRequestFilter.java:117) ~[spring-web-5.3.31.jar:5.3.31]
	at org.apache.catalina.core.ApplicationFilterChain.internalDoFilter(ApplicationFilterChain.java:178) ~[tomcat-embed-core-9.0.83.jar:9.0.83]
	at org.apache.catalina.core.ApplicationFilterChain.doFilter(ApplicationFilterChain.java:153) ~[tomcat-embed-core-9.0.83.jar:9.0.83]
	at org.apache.catalina.core.StandardWrapperValve.invoke(StandardWrapperValve.java:168) ~[tomcat-embed-core-9.0.83.jar:9.0.83]
	at org.apache.catalina.core.StandardContextValve.invoke(StandardContextValve.java:90) ~[tomcat-embed-core-9.0.83.jar:9.0.83]
	at org.apache.catalina.authenticator.AuthenticatorBase.invoke(AuthenticatorBase.java:481) ~[tomcat-embed-core-9.0.83.jar:9.0.83]
	at org.apache.catalina.core.StandardHostValve.invoke(StandardHostValve.java:130) ~[tomcat-embed-core-9.0.83.jar:9.0.83]
	at org.apache.catalina.valves.ErrorReportValve.invoke(ErrorReportValve.java:93) ~[tomcat-embed-core-9.0.83.jar:9.0.83]
	at org.apache.catalina.core.StandardEngineValve.invoke(StandardEngineValve.java:74) ~[tomcat-embed-core-9.0.83.jar:9.0.83]
	at org.apache.catalina.connector.CoyoteAdapter.service(CoyoteAdapter.java:342) ~[tomcat-embed-core-9.0.83.jar:9.0.83]
	at org.apache.coyote.http11.Http11Processor.service(Http11Processor.java:390) ~[tomcat-embed-core-9.0.83.jar:9.0.83]
	at org.apache.coyote.AbstractProcessorLight.process(AbstractProcessorLight.java:63) ~[tomcat-embed-core-9.0.83.jar:9.0.83]
	at org.apache.coyote.AbstractProtocol$ConnectionHandler.process(AbstractProtocol.java:928) ~[tomcat-embed-core-9.0.83.jar:9.0.83]
	at org.apache.tomcat.util.net.NioEndpoint$SocketProcessor.doRun(NioEndpoint.java:1794) ~[tomcat-embed-core-9.0.83.jar:9.0.83]
	at org.apache.tomcat.util.net.SocketProcessorBase.run(SocketProcessorBase.java:52) ~[tomcat-embed-core-9.0.83.jar:9.0.83]
	at org.apache.tomcat.util.threads.ThreadPoolExecutor.runWorker(ThreadPoolExecutor.java:1191) ~[tomcat-embed-core-9.0.83.jar:9.0.83]
	at org.apache.tomcat.util.threads.ThreadPoolExecutor$Worker.run(ThreadPoolExecutor.java:659) ~[tomcat-embed-core-9.0.83.jar:9.0.83]
	at org.apache.tomcat.util.threads.TaskThread$WrappingRunnable.run(TaskThread.java:61) ~[tomcat-embed-core-9.0.83.jar:9.0.83]
	at java.lang.Thread.run(Thread.java:829) ~[?:?]
Caused by: com.mysql.cj.exceptions.CJCommunicationsException: Communications link failure

The last packet sent successfully to the server was 0 milliseconds ago. The driver has not received any packets from the server.
	at jdk.internal.reflect.NativeConstructorAccessorImpl.newInstance0(Native Method) ~[?:?]
	at jdk.internal.reflect.NativeConstructorAccessorImpl.newInstance(NativeConstructorAccessorImpl.java:62) ~[?:?]
	at jdk.internal.reflect.DelegatingConstructorAccessorImpl.newInstance(DelegatingConstructorAccessorImpl.java:45) ~[?:?]
	at java.lang.reflect.Constructor.newInstance(Constructor.java:490) ~[?:?]
	at com.mysql.cj.exceptions.ExceptionFactory.createException(ExceptionFactory.java:62) ~[mysql-connector-j-8.0.33.jar:8.0.33]
	at com.mysql.cj.exceptions.ExceptionFactory.createException(ExceptionFactory.java:105) ~[mysql-connector-j-8.0.33.jar:8.0.33]
	at com.mysql.cj.exceptions.ExceptionFactory.createException(ExceptionFactory.java:150) ~[mysql-connector-j-8.0.33.jar:8.0.33]
	at com.mysql.cj.exceptions.ExceptionFactory.createCommunicationsException(ExceptionFactory.java:166) ~[mysql-connector-j-8.0.33.jar:8.0.33]
	at com.mysql.cj.protocol.a.NativeSocketConnection.connect(NativeSocketConnection.java:89) ~[mysql-connector-j-8.0.33.jar:8.0.33]
	at com.mysql.cj.NativeSession.connect(NativeSession.java:121) ~[mysql-connector-j-8.0.33.jar:8.0.33]
	at com.mysql.cj.jdbc.ConnectionImpl.connectOneTryOnly(ConnectionImpl.java:945) ~[mysql-connector-j-8.0.33.jar:8.0.33]
	at com.mysql.cj.jdbc.ConnectionImpl.createNewIO(ConnectionImpl.java:815) ~[mysql-connector-j-8.0.33.jar:8.0.33]
	... 145 more
Caused by: java.net.ConnectException: Connection refused (Connection refused)
	at java.net.PlainSocketImpl.socketConnect(Native Method) ~[?:?]
	at java.net.AbstractPlainSocketImpl.doConnect(AbstractPlainSocketImpl.java:412) ~[?:?]
	at java.net.AbstractPlainSocketImpl.connectToAddress(AbstractPlainSocketImpl.java:255) ~[?:?]
	at java.net.AbstractPlainSocketImpl.connect(AbstractPlainSocketImpl.java:237) ~[?:?]
	at java.net.SocksSocketImpl.connect(SocksSocketImpl.java:392) ~[?:?]
	at java.net.Socket.connect(Socket.java:609) ~[?:?]
	at com.mysql.cj.protocol.StandardSocketFactory.connect(StandardSocketFactory.java:153) ~[mysql-connector-j-8.0.33.jar:8.0.33]
	at com.mysql.cj.protocol.a.NativeSocketConnection.connect(NativeSocketConnection.java:63) ~[mysql-connector-j-8.0.33.jar:8.0.33]
	at com.mysql.cj.NativeSession.connect(NativeSession.java:121) ~[mysql-connector-j-8.0.33.jar:8.0.33]
	at com.mysql.cj.jdbc.ConnectionImpl.connectOneTryOnly(ConnectionImpl.java:945) ~[mysql-connector-j-8.0.33.jar:8.0.33]
	at com.mysql.cj.jdbc.ConnectionImpl.createNewIO(ConnectionImpl.java:815) ~[mysql-connector-j-8.0.33.jar:8.0.33]
	... 145 more
2025-09-03T11:29:12,093 [MessageBroker-1] INFO socket.config.WebSocketMessageBrokerStats - WebSocketSession[0 current WS(0)-HttpStream(0)-HttpPoll(0), 0 total, 0 closed abnormally (0 connect failure, 0 send limit, 0 transport error)], stompSubProtocol[processed CONNECT(0)-CONNECTED(0)-DISCONNECT(0)], stompBrokerRelay[null], inboundChannel[pool size = 0, active threads = 0, queued tasks = 0, completed tasks = 0], outboundChannel[pool size = 0, active threads = 0, queued tasks = 0, completed tasks = 0], sockJsScheduler[pool size = 1, active threads = 1, queued tasks = 0, completed tasks = 0]
2025-09-03T11:29:33,835 [Thread-8] WARN common.notify.NotifyCenter - [NotifyCenter] Start destroying Publisher
2025-09-03T11:29:33,835 [Thread-3] WARN common.http.HttpClientBeanHolder - [HttpClientBeanHolder] Start destroying common HttpClient
2025-09-03T11:29:33,835 [Thread-8] WARN common.notify.NotifyCenter - [NotifyCenter] Destruction of the end
2025-09-03T11:29:33,836 [Thread-3] WARN common.http.HttpClientBeanHolder - [HttpClientBeanHolder] Destruction of the end
2025-09-03T11:29:33,839 [SpringApplicationShutdownHook] INFO simp.broker.SimpleBrokerMessageHandler - Stopping...
2025-09-03T11:29:33,839 [SpringApplicationShutdownHook] INFO simp.broker.SimpleBrokerMessageHandler - BrokerAvailabilityEvent[available=false, SimpleBrokerMessageHandler [org.springframework.messaging.simp.broker.DefaultSubscriptionRegistry@366be860]]
2025-09-03T11:29:33,840 [SpringApplicationShutdownHook] INFO simp.broker.SimpleBrokerMessageHandler - Stopped.
2025-09-03T11:29:40,796 [restartedMain] INFO config.util.NacosConfigPropertiesUtils - nacosConfigProperties : NacosConfigProperties{serverAddr='47.121.116.149:8848', contextPath='null', encode='null', endpoint='null', namespace='null', accessKey='null', secretKey='null', ramRoleName='null', autoRefresh=false, dataId='null', dataIds='study-prod,index-prod', group='DEFAULT_GROUP', type=YAML, maxRetry='null', configLongPollTimeout='null', configRetryTime='null', enableRemoteSyncConfig=false, extConfig=[], bootstrap=Bootstrap{enable=true, logEnable=false}}
2025-09-03T11:29:40,812 [background-preinit] INFO internal.util.Version - HV000001: Hibernate Validator 6.2.5.Final
2025-09-03T11:29:40,826 [restartedMain] INFO config.util.NacosConfigPropertiesUtils - nacosConfigProperties : NacosConfigProperties{serverAddr='47.121.116.149:8848', contextPath='null', encode='null', endpoint='null', namespace='null', accessKey='null', secretKey='null', ramRoleName='null', autoRefresh=false, dataId='null', dataIds='study-prod,index-prod', group='DEFAULT_GROUP', type=YAML, maxRetry='null', configLongPollTimeout='null', configRetryTime='null', enableRemoteSyncConfig=false, extConfig=[], bootstrap=Bootstrap{enable=true, logEnable=false}}
2025-09-03T11:29:40,867 [restartedMain] INFO spi.client.ClientAuthPluginManager - [ClientAuthPluginManager] Load ClientAuthService com.alibaba.nacos.client.auth.impl.NacosClientAuthServiceImpl success.
2025-09-03T11:29:40,867 [restartedMain] INFO spi.client.ClientAuthPluginManager - [ClientAuthPluginManager] Load ClientAuthService com.alibaba.nacos.client.auth.ram.RamClientAuthServiceImpl success.
2025-09-03T11:29:41,704 [restartedMain] INFO config.util.NacosConfigLoader - load config from nacos, data-id is : study-prod, group is : DEFAULT_GROUP
2025-09-03T11:29:41,744 [restartedMain] INFO config.util.NacosConfigLoader - load config from nacos, data-id is : index-prod, group is : DEFAULT_GROUP
2025-09-03T11:29:41,746 [restartedMain] INFO kwang.study.StudyApplication - Starting StudyApplication using Java 11.0.27 on U-CVVMJWTP-2228.local with PID 3344 (/Users/kwang/Desktop/study/target/classes started by kwang in /Users/kwang/Desktop/study)
2025-09-03T11:29:41,748 [restartedMain] INFO kwang.study.StudyApplication - The following 1 profile is active: "prod"
2025-09-03T11:29:41,771 [restartedMain] INFO devtools.env.DevToolsPropertyDefaultsPostProcessor - Devtools property defaults active! Set 'spring.devtools.add-properties' to 'false' to disable
2025-09-03T11:29:41,771 [restartedMain] INFO devtools.env.DevToolsPropertyDefaultsPostProcessor - For additional web related logging consider setting the 'logging.level.web' property to 'DEBUG'
2025-09-03T11:29:42,190 [restartedMain] INFO repository.config.RepositoryConfigurationDelegate - Multiple Spring Data modules found, entering strict repository configuration mode
2025-09-03T11:29:42,192 [restartedMain] INFO repository.config.RepositoryConfigurationDelegate - Bootstrapping Spring Data Redis repositories in DEFAULT mode.
2025-09-03T11:29:42,212 [restartedMain] INFO repository.config.RepositoryConfigurationDelegate - Finished Spring Data repository scanning in 14 ms. Found 0 Redis repository interfaces.
2025-09-03T11:29:42,667 [restartedMain] INFO embedded.tomcat.TomcatWebServer - Tomcat initialized with port(s): 8080 (http)
2025-09-03T11:29:42,671 [restartedMain] INFO coyote.http11.Http11NioProtocol - Initializing ProtocolHandler ["http-nio-8080"]
2025-09-03T11:29:42,672 [restartedMain] INFO catalina.core.StandardService - Starting service [Tomcat]
2025-09-03T11:29:42,672 [restartedMain] INFO catalina.core.StandardEngine - Starting Servlet engine: [Apache Tomcat/9.0.83]
2025-09-03T11:29:42,721 [restartedMain] INFO [Tomcat].[localhost].[/] - Initializing Spring embedded WebApplicationContext
2025-09-03T11:29:42,721 [restartedMain] INFO servlet.context.ServletWebServerApplicationContext - Root WebApplicationContext: initialization completed in 950 ms
2025-09-03T11:29:43,170 [restartedMain] INFO spi.client.ClientAuthPluginManager - [ClientAuthPluginManager] Load ClientAuthService com.alibaba.nacos.client.auth.impl.NacosClientAuthServiceImpl success.
2025-09-03T11:29:43,170 [restartedMain] INFO spi.client.ClientAuthPluginManager - [ClientAuthPluginManager] Load ClientAuthService com.alibaba.nacos.client.auth.ram.RamClientAuthServiceImpl success.
2025-09-03T11:29:43,564 [restartedMain] INFO devtools.autoconfigure.OptionalLiveReloadServer - LiveReload server is running on port 35729
2025-09-03T11:29:43,567 [restartedMain] INFO context.event.LoggingNacosConfigMetadataEventListener - Nacos Config Metadata : dataId='index-prod', groupId='DEFAULT_GROUP', beanName='timeLineConfig', bean='TimeLineConfig(timeline=[TimeLineItem(title=第一课, time=2025-8-3, description=这是第一课), TimeLineItem(title=第二课, time=2025-9-3, description=这是第二课)])', beanType='class com.kwang.study.index.config.TimeLineConfig$$EnhancerBySpringCGLIB$$39bbe260', annotatedElement='class com.kwang.study.index.config.TimeLineConfig$$EnhancerBySpringCGLIB$$39bbe260', xmlResource='null', nacosProperties='{encode=UTF-8, password=******, serverAddr=47.121.116.149:8848, enableRemoteSyncConfig=false, username=nacos}', nacosPropertiesAttributes='{accessKey=${nacos.access-key:}, clusterName=${nacos.cluster-name:}, configLongPollTimeout=${nacos.configLongPollTimeout:}, configRetryTime=${nacos.configRetryTime:}, contextPath=${nacos.context-path:}, enableRemoteSyncConfig=${nacos.enableRemoteSyncConfig:}, encode=${nacos.encode:UTF-8}, endpoint=${nacos.endpoint:}, maxRetry=${nacos.maxRetry:}, namespace=${nacos.namespace:}, password=${nacos.password:}, secretKey=${nacos.secret-key:}, serverAddr=${nacos.server-addr:}, username=${nacos.username:}}', source='@com.alibaba.nacos.api.config.annotation.NacosConfigurationProperties(ignoreUnknownFields=true, autoRefreshed=true, exceptionIfInvalid=true, ignoreInvalidFields=false, ignoreNestedProperties=false, prefix="kwang.index", groupId="DEFAULT_GROUP", type=YAML, properties=@com.alibaba.nacos.api.annotation.NacosProperties(encode="${nacos.encode:UTF-8}", secretKey="${nacos.secret-key:}", contextPath="${nacos.context-path:}", configLongPollTimeout="${nacos.configLongPollTimeout:}", maxRetry="${nacos.maxRetry:}", password="${nacos.password:}", endpoint="${nacos.endpoint:}", configRetryTime="${nacos.configRetryTime:}", serverAddr="${nacos.server-addr:}", accessKey="${nacos.access-key:}", enableRemoteSyncConfig="${nacos.enableRemoteSyncConfig:}", clusterName="${nacos.cluster-name:}", namespace="${nacos.namespace:}", username="${nacos.username:}"), yaml=false, dataId="index-prod")', timestamp='1756870183566'
2025-09-03T11:29:43,780 [restartedMain] INFO security.web.DefaultSecurityFilterChain - Will secure any request with [org.springframework.security.web.session.DisableEncodeUrlFilter@5fcf322f, org.springframework.security.web.context.request.async.WebAsyncManagerIntegrationFilter@1aa58e97, org.springframework.security.web.context.SecurityContextPersistenceFilter@12f087c6, org.springframework.security.web.header.HeaderWriterFilter@5c10886d, org.springframework.security.web.authentication.logout.LogoutFilter@39089a1d, com.kwang.study.auth.filter.JwtAuthenticationFilter@6f436b0f, org.springframework.security.web.savedrequest.RequestCacheAwareFilter@13ffdd53, org.springframework.security.web.servletapi.SecurityContextHolderAwareRequestFilter@45a9e9fe, org.springframework.security.web.authentication.AnonymousAuthenticationFilter@1df883b1, org.springframework.security.web.session.SessionManagementFilter@17e2c047, org.springframework.security.web.access.ExceptionTranslationFilter@4d8b0ecb, org.springframework.security.web.access.intercept.AuthorizationFilter@36618b27]
2025-09-03T11:29:44,134 [restartedMain] INFO coyote.http11.Http11NioProtocol - Starting ProtocolHandler ["http-nio-8080"]
2025-09-03T11:29:44,140 [restartedMain] INFO embedded.tomcat.TomcatWebServer - Tomcat started on port(s): 8080 (http) with context path ''
2025-09-03T11:29:44,141 [restartedMain] INFO simp.broker.SimpleBrokerMessageHandler - Starting...
2025-09-03T11:29:44,141 [restartedMain] INFO simp.broker.SimpleBrokerMessageHandler - BrokerAvailabilityEvent[available=true, SimpleBrokerMessageHandler [org.springframework.messaging.simp.broker.DefaultSubscriptionRegistry@7cb92aa7]]
2025-09-03T11:29:44,141 [restartedMain] INFO simp.broker.SimpleBrokerMessageHandler - Started.
2025-09-03T11:29:44,155 [restartedMain] INFO kwang.study.StudyApplication - Started StudyApplication in 3.561 seconds (JVM running for 9.008)
2025-09-03T11:29:51,492 [http-nio-8080-exec-1] INFO [Tomcat].[localhost].[/] - Initializing Spring DispatcherServlet 'dispatcherServlet'
2025-09-03T11:29:51,492 [http-nio-8080-exec-1] INFO web.servlet.DispatcherServlet - Initializing Servlet 'dispatcherServlet'
2025-09-03T11:29:51,494 [http-nio-8080-exec-1] INFO web.servlet.DispatcherServlet - Completed initialization in 2 ms
2025-09-03T11:29:51,921 [http-nio-8080-exec-1] INFO zaxxer.hikari.HikariDataSource - HikariPool-1 - Starting...
2025-09-03T11:29:52,435 [http-nio-8080-exec-1] INFO zaxxer.hikari.HikariDataSource - HikariPool-1 - Start completed.
2025-09-03T11:30:38,695 [NacosConfigListener-ThreadPool-1] INFO context.event.LoggingNacosConfigMetadataEventListener - Nacos Config Metadata : dataId='index-prod', groupId='DEFAULT_GROUP', beanName='timeLineConfig', bean='TimeLineConfig(timeline=[TimeLineItem(title=第一课, time=2025-8-3, description=这是第一课), TimeLineItem(title=第二课, time=2025-9-3, description=这是第二课), TimeLineItem(title=第三课, time=2025-10-3, description=这是第三课)])', beanType='class com.kwang.study.index.config.TimeLineConfig$$EnhancerBySpringCGLIB$$39bbe260', annotatedElement='class com.kwang.study.index.config.TimeLineConfig$$EnhancerBySpringCGLIB$$39bbe260', xmlResource='null', nacosProperties='{encode=UTF-8, password=******, serverAddr=47.121.116.149:8848, enableRemoteSyncConfig=false, username=nacos}', nacosPropertiesAttributes='{accessKey=${nacos.access-key:}, clusterName=${nacos.cluster-name:}, configLongPollTimeout=${nacos.configLongPollTimeout:}, configRetryTime=${nacos.configRetryTime:}, contextPath=${nacos.context-path:}, enableRemoteSyncConfig=${nacos.enableRemoteSyncConfig:}, encode=${nacos.encode:UTF-8}, endpoint=${nacos.endpoint:}, maxRetry=${nacos.maxRetry:}, namespace=${nacos.namespace:}, password=${nacos.password:}, secretKey=${nacos.secret-key:}, serverAddr=${nacos.server-addr:}, username=${nacos.username:}}', source='@com.alibaba.nacos.api.config.annotation.NacosConfigurationProperties(ignoreUnknownFields=true, autoRefreshed=true, exceptionIfInvalid=true, ignoreInvalidFields=false, ignoreNestedProperties=false, prefix="kwang.index", groupId="DEFAULT_GROUP", type=YAML, properties=@com.alibaba.nacos.api.annotation.NacosProperties(encode="${nacos.encode:UTF-8}", secretKey="${nacos.secret-key:}", contextPath="${nacos.context-path:}", configLongPollTimeout="${nacos.configLongPollTimeout:}", maxRetry="${nacos.maxRetry:}", password="${nacos.password:}", endpoint="${nacos.endpoint:}", configRetryTime="${nacos.configRetryTime:}", serverAddr="${nacos.server-addr:}", accessKey="${nacos.access-key:}", enableRemoteSyncConfig="${nacos.enableRemoteSyncConfig:}", clusterName="${nacos.cluster-name:}", namespace="${nacos.namespace:}", username="${nacos.username:}"), yaml=false, dataId="index-prod")', timestamp='1756870238694'
2025-09-03T11:30:43,824 [MessageBroker-1] INFO socket.config.WebSocketMessageBrokerStats - WebSocketSession[0 current WS(0)-HttpStream(0)-HttpPoll(0), 0 total, 0 closed abnormally (0 connect failure, 0 send limit, 0 transport error)], stompSubProtocol[processed CONNECT(0)-CONNECTED(0)-DISCONNECT(0)], stompBrokerRelay[null], inboundChannel[pool size = 0, active threads = 0, queued tasks = 0, completed tasks = 0], outboundChannel[pool size = 0, active threads = 0, queued tasks = 0, completed tasks = 0], sockJsScheduler[pool size = 1, active threads = 1, queued tasks = 0, completed tasks = 0]
2025-09-03T11:33:15,153 [NacosConfigListener-ThreadPool-2] INFO context.event.LoggingNacosConfigMetadataEventListener - Nacos Config Metadata : dataId='index-prod', groupId='DEFAULT_GROUP', beanName='timeLineConfig', bean='TimeLineConfig(timeline=[TimeLineItem(title=第一课, time=2025-8-3, description=这是第一课), TimeLineItem(title=第二课, time=2025-9-3, description=这是第二课), TimeLineItem(title=第三课, time=2025-10-3, description=这是第三课), TimeLineItem(title=第四课, time=2025-11-3, description=这是第四课), TimeLineItem(title=第五课, time=2025-12-3, description=这是第五课), TimeLineItem(title=第六课, time=2026-1-3, description=这是第六课), TimeLineItem(title=第七课, time=2026-2-3, description=这是第七课), TimeLineItem(title=第八课, time=2026-3-3, description=这是第八课)])', beanType='class com.kwang.study.index.config.TimeLineConfig$$EnhancerBySpringCGLIB$$39bbe260', annotatedElement='class com.kwang.study.index.config.TimeLineConfig$$EnhancerBySpringCGLIB$$39bbe260', xmlResource='null', nacosProperties='{encode=UTF-8, password=******, serverAddr=47.121.116.149:8848, enableRemoteSyncConfig=false, username=nacos}', nacosPropertiesAttributes='{accessKey=${nacos.access-key:}, clusterName=${nacos.cluster-name:}, configLongPollTimeout=${nacos.configLongPollTimeout:}, configRetryTime=${nacos.configRetryTime:}, contextPath=${nacos.context-path:}, enableRemoteSyncConfig=${nacos.enableRemoteSyncConfig:}, encode=${nacos.encode:UTF-8}, endpoint=${nacos.endpoint:}, maxRetry=${nacos.maxRetry:}, namespace=${nacos.namespace:}, password=${nacos.password:}, secretKey=${nacos.secret-key:}, serverAddr=${nacos.server-addr:}, username=${nacos.username:}}', source='@com.alibaba.nacos.api.config.annotation.NacosConfigurationProperties(ignoreUnknownFields=true, autoRefreshed=true, exceptionIfInvalid=true, ignoreInvalidFields=false, ignoreNestedProperties=false, prefix="kwang.index", groupId="DEFAULT_GROUP", type=YAML, properties=@com.alibaba.nacos.api.annotation.NacosProperties(encode="${nacos.encode:UTF-8}", secretKey="${nacos.secret-key:}", contextPath="${nacos.context-path:}", configLongPollTimeout="${nacos.configLongPollTimeout:}", maxRetry="${nacos.maxRetry:}", password="${nacos.password:}", endpoint="${nacos.endpoint:}", configRetryTime="${nacos.configRetryTime:}", serverAddr="${nacos.server-addr:}", accessKey="${nacos.access-key:}", enableRemoteSyncConfig="${nacos.enableRemoteSyncConfig:}", clusterName="${nacos.cluster-name:}", namespace="${nacos.namespace:}", username="${nacos.username:}"), yaml=false, dataId="index-prod")', timestamp='1756870395151'
2025-09-03T11:36:38,934 [Thread-8] WARN common.notify.NotifyCenter - [NotifyCenter] Start destroying Publisher
2025-09-03T11:36:38,934 [Thread-3] WARN common.http.HttpClientBeanHolder - [HttpClientBeanHolder] Start destroying common HttpClient
2025-09-03T11:36:38,935 [Thread-8] WARN common.notify.NotifyCenter - [NotifyCenter] Destruction of the end
2025-09-03T11:36:38,936 [Thread-3] WARN common.http.HttpClientBeanHolder - [HttpClientBeanHolder] Destruction of the end
2025-09-03T11:36:38,940 [SpringApplicationShutdownHook] INFO simp.broker.SimpleBrokerMessageHandler - Stopping...
2025-09-03T11:36:38,940 [SpringApplicationShutdownHook] INFO simp.broker.SimpleBrokerMessageHandler - BrokerAvailabilityEvent[available=false, SimpleBrokerMessageHandler [org.springframework.messaging.simp.broker.DefaultSubscriptionRegistry@7cb92aa7]]
2025-09-03T11:36:38,940 [SpringApplicationShutdownHook] INFO simp.broker.SimpleBrokerMessageHandler - Stopped.
2025-09-03T11:36:40,088 [SpringApplicationShutdownHook] INFO zaxxer.hikari.HikariDataSource - HikariPool-1 - Shutdown initiated...
2025-09-03T11:36:40,448 [SpringApplicationShutdownHook] INFO zaxxer.hikari.HikariDataSource - HikariPool-1 - Shutdown completed.
2025-09-03T11:36:40,450 [SpringApplicationShutdownHook] INFO annotation.config.NacosValueAnnotationBeanPostProcessor - class com.alibaba.nacos.spring.context.annotation.config.NacosValueAnnotationBeanPostProcessor was destroying!
2025-09-03T11:36:40,450 [SpringApplicationShutdownHook] INFO factory.annotation.AnnotationNacosInjectedBeanPostProcessor - class com.alibaba.nacos.spring.beans.factory.annotation.AnnotationNacosInjectedBeanPostProcessor was destroying!
2025-09-03T11:36:46,975 [restartedMain] INFO config.util.NacosConfigPropertiesUtils - nacosConfigProperties : NacosConfigProperties{serverAddr='47.121.116.149:8848', contextPath='null', encode='null', endpoint='null', namespace='null', accessKey='null', secretKey='null', ramRoleName='null', autoRefresh=false, dataId='null', dataIds='study-prod,index-prod', group='DEFAULT_GROUP', type=YAML, maxRetry='null', configLongPollTimeout='null', configRetryTime='null', enableRemoteSyncConfig=false, extConfig=[], bootstrap=Bootstrap{enable=true, logEnable=false}}
2025-09-03T11:36:46,992 [background-preinit] INFO internal.util.Version - HV000001: Hibernate Validator 6.2.5.Final
2025-09-03T11:36:47,008 [restartedMain] INFO config.util.NacosConfigPropertiesUtils - nacosConfigProperties : NacosConfigProperties{serverAddr='47.121.116.149:8848', contextPath='null', encode='null', endpoint='null', namespace='null', accessKey='null', secretKey='null', ramRoleName='null', autoRefresh=false, dataId='null', dataIds='study-prod,index-prod', group='DEFAULT_GROUP', type=YAML, maxRetry='null', configLongPollTimeout='null', configRetryTime='null', enableRemoteSyncConfig=false, extConfig=[], bootstrap=Bootstrap{enable=true, logEnable=false}}
2025-09-03T11:36:47,053 [restartedMain] INFO spi.client.ClientAuthPluginManager - [ClientAuthPluginManager] Load ClientAuthService com.alibaba.nacos.client.auth.impl.NacosClientAuthServiceImpl success.
2025-09-03T11:36:47,054 [restartedMain] INFO spi.client.ClientAuthPluginManager - [ClientAuthPluginManager] Load ClientAuthService com.alibaba.nacos.client.auth.ram.RamClientAuthServiceImpl success.
2025-09-03T11:36:47,903 [restartedMain] INFO config.util.NacosConfigLoader - load config from nacos, data-id is : study-prod, group is : DEFAULT_GROUP
2025-09-03T11:36:47,944 [restartedMain] INFO config.util.NacosConfigLoader - load config from nacos, data-id is : index-prod, group is : DEFAULT_GROUP
2025-09-03T11:36:47,946 [restartedMain] INFO kwang.study.StudyApplication - Starting StudyApplication using Java 11.0.27 on U-CVVMJWTP-2228.local with PID 4647 (/Users/kwang/Desktop/study/target/classes started by kwang in /Users/kwang/Desktop/study)
2025-09-03T11:36:47,948 [restartedMain] INFO kwang.study.StudyApplication - The following 1 profile is active: "prod"
2025-09-03T11:36:47,971 [restartedMain] INFO devtools.env.DevToolsPropertyDefaultsPostProcessor - Devtools property defaults active! Set 'spring.devtools.add-properties' to 'false' to disable
2025-09-03T11:36:47,971 [restartedMain] INFO devtools.env.DevToolsPropertyDefaultsPostProcessor - For additional web related logging consider setting the 'logging.level.web' property to 'DEBUG'
2025-09-03T11:36:48,367 [restartedMain] INFO repository.config.RepositoryConfigurationDelegate - Multiple Spring Data modules found, entering strict repository configuration mode
2025-09-03T11:36:48,369 [restartedMain] INFO repository.config.RepositoryConfigurationDelegate - Bootstrapping Spring Data Redis repositories in DEFAULT mode.
2025-09-03T11:36:48,391 [restartedMain] INFO repository.config.RepositoryConfigurationDelegate - Finished Spring Data repository scanning in 16 ms. Found 0 Redis repository interfaces.
2025-09-03T11:36:48,886 [restartedMain] INFO embedded.tomcat.TomcatWebServer - Tomcat initialized with port(s): 8080 (http)
2025-09-03T11:36:48,892 [restartedMain] INFO coyote.http11.Http11NioProtocol - Initializing ProtocolHandler ["http-nio-8080"]
2025-09-03T11:36:48,893 [restartedMain] INFO catalina.core.StandardService - Starting service [Tomcat]
2025-09-03T11:36:48,893 [restartedMain] INFO catalina.core.StandardEngine - Starting Servlet engine: [Apache Tomcat/9.0.83]
2025-09-03T11:36:48,953 [restartedMain] INFO [Tomcat].[localhost].[/] - Initializing Spring embedded WebApplicationContext
2025-09-03T11:36:48,954 [restartedMain] INFO servlet.context.ServletWebServerApplicationContext - Root WebApplicationContext: initialization completed in 983 ms
2025-09-03T11:36:49,478 [restartedMain] INFO spi.client.ClientAuthPluginManager - [ClientAuthPluginManager] Load ClientAuthService com.alibaba.nacos.client.auth.impl.NacosClientAuthServiceImpl success.
2025-09-03T11:36:49,478 [restartedMain] INFO spi.client.ClientAuthPluginManager - [ClientAuthPluginManager] Load ClientAuthService com.alibaba.nacos.client.auth.ram.RamClientAuthServiceImpl success.
2025-09-03T11:36:49,892 [restartedMain] INFO devtools.autoconfigure.OptionalLiveReloadServer - LiveReload server is running on port 35729
2025-09-03T11:36:49,895 [restartedMain] INFO context.event.LoggingNacosConfigMetadataEventListener - Nacos Config Metadata : dataId='index-prod', groupId='DEFAULT_GROUP', beanName='timeLineConfig', bean='TimeLineConfig(timeline=[TimeLineItem(title=第一课, time=2025-8-3, description=这是第一课), TimeLineItem(title=第二课, time=2025-9-3, description=这是第二课), TimeLineItem(title=第三课, time=2025-10-3, description=这是第三课), TimeLineItem(title=第四课, time=2025-11-3, description=这是第四课), TimeLineItem(title=第五课, time=2025-12-3, description=这是第五课), TimeLineItem(title=第六课, time=2026-1-3, description=这是第六课), TimeLineItem(title=第七课, time=2026-2-3, description=这是第七课), TimeLineItem(title=第八课, time=2026-3-3, description=这是第八课)])', beanType='class com.kwang.study.index.config.TimeLineConfig$$EnhancerBySpringCGLIB$$eb9961b3', annotatedElement='class com.kwang.study.index.config.TimeLineConfig$$EnhancerBySpringCGLIB$$eb9961b3', xmlResource='null', nacosProperties='{encode=UTF-8, password=******, serverAddr=47.121.116.149:8848, enableRemoteSyncConfig=false, username=nacos}', nacosPropertiesAttributes='{accessKey=${nacos.access-key:}, clusterName=${nacos.cluster-name:}, configLongPollTimeout=${nacos.configLongPollTimeout:}, configRetryTime=${nacos.configRetryTime:}, contextPath=${nacos.context-path:}, enableRemoteSyncConfig=${nacos.enableRemoteSyncConfig:}, encode=${nacos.encode:UTF-8}, endpoint=${nacos.endpoint:}, maxRetry=${nacos.maxRetry:}, namespace=${nacos.namespace:}, password=${nacos.password:}, secretKey=${nacos.secret-key:}, serverAddr=${nacos.server-addr:}, username=${nacos.username:}}', source='@com.alibaba.nacos.api.config.annotation.NacosConfigurationProperties(ignoreUnknownFields=true, autoRefreshed=true, exceptionIfInvalid=true, ignoreInvalidFields=false, ignoreNestedProperties=false, prefix="kwang.index", groupId="DEFAULT_GROUP", type=YAML, properties=@com.alibaba.nacos.api.annotation.NacosProperties(encode="${nacos.encode:UTF-8}", secretKey="${nacos.secret-key:}", contextPath="${nacos.context-path:}", configLongPollTimeout="${nacos.configLongPollTimeout:}", maxRetry="${nacos.maxRetry:}", endpoint="${nacos.endpoint:}", password="${nacos.password:}", configRetryTime="${nacos.configRetryTime:}", serverAddr="${nacos.server-addr:}", accessKey="${nacos.access-key:}", enableRemoteSyncConfig="${nacos.enableRemoteSyncConfig:}", clusterName="${nacos.cluster-name:}", namespace="${nacos.namespace:}", username="${nacos.username:}"), yaml=false, dataId="index-prod")', timestamp='1756870609894'
2025-09-03T11:36:50,118 [restartedMain] INFO security.web.DefaultSecurityFilterChain - Will secure any request with [org.springframework.security.web.session.DisableEncodeUrlFilter@79eb76ed, org.springframework.security.web.context.request.async.WebAsyncManagerIntegrationFilter@33a14d66, org.springframework.security.web.context.SecurityContextPersistenceFilter@420df000, org.springframework.security.web.header.HeaderWriterFilter@46c4ab42, org.springframework.security.web.authentication.logout.LogoutFilter@7f6a5202, com.kwang.study.auth.filter.JwtAuthenticationFilter@68d02522, org.springframework.security.web.savedrequest.RequestCacheAwareFilter@5a684fa8, org.springframework.security.web.servletapi.SecurityContextHolderAwareRequestFilter@77482915, org.springframework.security.web.authentication.AnonymousAuthenticationFilter@20cc554d, org.springframework.security.web.session.SessionManagementFilter@5c4af863, org.springframework.security.web.access.ExceptionTranslationFilter@6eb92231, org.springframework.security.web.access.intercept.AuthorizationFilter@112a671e]
2025-09-03T11:36:50,523 [restartedMain] INFO coyote.http11.Http11NioProtocol - Starting ProtocolHandler ["http-nio-8080"]
2025-09-03T11:36:50,530 [restartedMain] INFO embedded.tomcat.TomcatWebServer - Tomcat started on port(s): 8080 (http) with context path ''
2025-09-03T11:36:50,531 [restartedMain] INFO simp.broker.SimpleBrokerMessageHandler - Starting...
2025-09-03T11:36:50,531 [restartedMain] INFO simp.broker.SimpleBrokerMessageHandler - BrokerAvailabilityEvent[available=true, SimpleBrokerMessageHandler [org.springframework.messaging.simp.broker.DefaultSubscriptionRegistry@4c16cca]]
2025-09-03T11:36:50,532 [restartedMain] INFO simp.broker.SimpleBrokerMessageHandler - Started.
2025-09-03T11:36:50,546 [restartedMain] INFO kwang.study.StudyApplication - Started StudyApplication in 3.795 seconds (JVM running for 9.316)
2025-09-03T11:37:03,507 [http-nio-8080-exec-1] INFO [Tomcat].[localhost].[/] - Initializing Spring DispatcherServlet 'dispatcherServlet'
2025-09-03T11:37:03,507 [http-nio-8080-exec-1] INFO web.servlet.DispatcherServlet - Initializing Servlet 'dispatcherServlet'
2025-09-03T11:37:03,508 [http-nio-8080-exec-1] INFO web.servlet.DispatcherServlet - Completed initialization in 1 ms
2025-09-03T11:37:03,590 [http-nio-8080-exec-2] INFO zaxxer.hikari.HikariDataSource - HikariPool-1 - Starting...
2025-09-03T11:37:04,122 [http-nio-8080-exec-2] INFO zaxxer.hikari.HikariDataSource - HikariPool-1 - Start completed.
2025-09-03T11:37:32,481 [Thread-8] WARN common.notify.NotifyCenter - [NotifyCenter] Start destroying Publisher
2025-09-03T11:37:32,481 [Thread-3] WARN common.http.HttpClientBeanHolder - [HttpClientBeanHolder] Start destroying common HttpClient
2025-09-03T11:37:32,481 [Thread-8] WARN common.notify.NotifyCenter - [NotifyCenter] Destruction of the end
2025-09-03T11:37:32,482 [Thread-3] WARN common.http.HttpClientBeanHolder - [HttpClientBeanHolder] Destruction of the end
2025-09-03T11:37:32,485 [SpringApplicationShutdownHook] INFO simp.broker.SimpleBrokerMessageHandler - Stopping...
2025-09-03T11:37:32,485 [SpringApplicationShutdownHook] INFO simp.broker.SimpleBrokerMessageHandler - BrokerAvailabilityEvent[available=false, SimpleBrokerMessageHandler [org.springframework.messaging.simp.broker.DefaultSubscriptionRegistry@4c16cca]]
2025-09-03T11:37:32,485 [SpringApplicationShutdownHook] INFO simp.broker.SimpleBrokerMessageHandler - Stopped.
2025-09-03T11:37:33,531 [SpringApplicationShutdownHook] INFO zaxxer.hikari.HikariDataSource - HikariPool-1 - Shutdown initiated...
2025-09-03T11:37:33,889 [SpringApplicationShutdownHook] INFO zaxxer.hikari.HikariDataSource - HikariPool-1 - Shutdown completed.
2025-09-03T11:37:33,891 [SpringApplicationShutdownHook] INFO annotation.config.NacosValueAnnotationBeanPostProcessor - class com.alibaba.nacos.spring.context.annotation.config.NacosValueAnnotationBeanPostProcessor was destroying!
2025-09-03T11:37:33,891 [SpringApplicationShutdownHook] INFO factory.annotation.AnnotationNacosInjectedBeanPostProcessor - class com.alibaba.nacos.spring.beans.factory.annotation.AnnotationNacosInjectedBeanPostProcessor was destroying!
2025-09-03T11:37:40,720 [restartedMain] INFO config.util.NacosConfigPropertiesUtils - nacosConfigProperties : NacosConfigProperties{serverAddr='47.121.116.149:8848', contextPath='null', encode='null', endpoint='null', namespace='null', accessKey='null', secretKey='null', ramRoleName='null', autoRefresh=false, dataId='null', dataIds='study-prod,index-prod', group='DEFAULT_GROUP', type=YAML, maxRetry='null', configLongPollTimeout='null', configRetryTime='null', enableRemoteSyncConfig=false, extConfig=[], bootstrap=Bootstrap{enable=true, logEnable=false}}
2025-09-03T11:37:40,738 [background-preinit] INFO internal.util.Version - HV000001: Hibernate Validator 6.2.5.Final
2025-09-03T11:37:40,751 [restartedMain] INFO config.util.NacosConfigPropertiesUtils - nacosConfigProperties : NacosConfigProperties{serverAddr='47.121.116.149:8848', contextPath='null', encode='null', endpoint='null', namespace='null', accessKey='null', secretKey='null', ramRoleName='null', autoRefresh=false, dataId='null', dataIds='study-prod,index-prod', group='DEFAULT_GROUP', type=YAML, maxRetry='null', configLongPollTimeout='null', configRetryTime='null', enableRemoteSyncConfig=false, extConfig=[], bootstrap=Bootstrap{enable=true, logEnable=false}}
2025-09-03T11:37:40,792 [restartedMain] INFO spi.client.ClientAuthPluginManager - [ClientAuthPluginManager] Load ClientAuthService com.alibaba.nacos.client.auth.impl.NacosClientAuthServiceImpl success.
2025-09-03T11:37:40,792 [restartedMain] INFO spi.client.ClientAuthPluginManager - [ClientAuthPluginManager] Load ClientAuthService com.alibaba.nacos.client.auth.ram.RamClientAuthServiceImpl success.
2025-09-03T11:37:41,589 [restartedMain] INFO config.util.NacosConfigLoader - load config from nacos, data-id is : study-prod, group is : DEFAULT_GROUP
2025-09-03T11:37:41,626 [restartedMain] INFO config.util.NacosConfigLoader - load config from nacos, data-id is : index-prod, group is : DEFAULT_GROUP
2025-09-03T11:37:41,628 [restartedMain] INFO kwang.study.StudyApplication - Starting StudyApplication using Java 11.0.27 on U-CVVMJWTP-2228.local with PID 4899 (/Users/kwang/Desktop/study/target/classes started by kwang in /Users/kwang/Desktop/study)
2025-09-03T11:37:41,629 [restartedMain] INFO kwang.study.StudyApplication - The following 1 profile is active: "prod"
2025-09-03T11:37:41,653 [restartedMain] INFO devtools.env.DevToolsPropertyDefaultsPostProcessor - Devtools property defaults active! Set 'spring.devtools.add-properties' to 'false' to disable
2025-09-03T11:37:41,653 [restartedMain] INFO devtools.env.DevToolsPropertyDefaultsPostProcessor - For additional web related logging consider setting the 'logging.level.web' property to 'DEBUG'
2025-09-03T11:37:42,039 [restartedMain] INFO repository.config.RepositoryConfigurationDelegate - Multiple Spring Data modules found, entering strict repository configuration mode
2025-09-03T11:37:42,041 [restartedMain] INFO repository.config.RepositoryConfigurationDelegate - Bootstrapping Spring Data Redis repositories in DEFAULT mode.
2025-09-03T11:37:42,062 [restartedMain] INFO repository.config.RepositoryConfigurationDelegate - Finished Spring Data repository scanning in 14 ms. Found 0 Redis repository interfaces.
2025-09-03T11:37:42,554 [restartedMain] INFO embedded.tomcat.TomcatWebServer - Tomcat initialized with port(s): 8080 (http)
2025-09-03T11:37:42,558 [restartedMain] INFO coyote.http11.Http11NioProtocol - Initializing ProtocolHandler ["http-nio-8080"]
2025-09-03T11:37:42,559 [restartedMain] INFO catalina.core.StandardService - Starting service [Tomcat]
2025-09-03T11:37:42,559 [restartedMain] INFO catalina.core.StandardEngine - Starting Servlet engine: [Apache Tomcat/9.0.83]
2025-09-03T11:37:42,610 [restartedMain] INFO [Tomcat].[localhost].[/] - Initializing Spring embedded WebApplicationContext
2025-09-03T11:37:42,610 [restartedMain] INFO servlet.context.ServletWebServerApplicationContext - Root WebApplicationContext: initialization completed in 957 ms
2025-09-03T11:37:43,052 [restartedMain] INFO spi.client.ClientAuthPluginManager - [ClientAuthPluginManager] Load ClientAuthService com.alibaba.nacos.client.auth.impl.NacosClientAuthServiceImpl success.
2025-09-03T11:37:43,052 [restartedMain] INFO spi.client.ClientAuthPluginManager - [ClientAuthPluginManager] Load ClientAuthService com.alibaba.nacos.client.auth.ram.RamClientAuthServiceImpl success.
2025-09-03T11:37:43,461 [restartedMain] INFO devtools.autoconfigure.OptionalLiveReloadServer - LiveReload server is running on port 35729
2025-09-03T11:37:43,464 [restartedMain] INFO context.event.LoggingNacosConfigMetadataEventListener - Nacos Config Metadata : dataId='index-prod', groupId='DEFAULT_GROUP', beanName='timeLineConfig', bean='TimeLineConfig(timeline=[TimeLineItem(title=第一课, time=2025-8-3, description=这是第一课), TimeLineItem(title=第二课, time=2025-9-3, description=这是第二课), TimeLineItem(title=第三课, time=2025-10-3, description=这是第三课), TimeLineItem(title=第四课, time=2025-11-3, description=这是第四课), TimeLineItem(title=第五课, time=2025-12-3, description=这是第五课), TimeLineItem(title=第六课, time=2026-1-3, description=这是第六课), TimeLineItem(title=第七课, time=2026-2-3, description=这是第七课), TimeLineItem(title=第八课, time=2026-3-3, description=这是第八课)])', beanType='class com.kwang.study.index.config.TimeLineConfig$$EnhancerBySpringCGLIB$$e9d68cd5', annotatedElement='class com.kwang.study.index.config.TimeLineConfig$$EnhancerBySpringCGLIB$$e9d68cd5', xmlResource='null', nacosProperties='{encode=UTF-8, password=******, serverAddr=47.121.116.149:8848, enableRemoteSyncConfig=false, username=nacos}', nacosPropertiesAttributes='{accessKey=${nacos.access-key:}, clusterName=${nacos.cluster-name:}, configLongPollTimeout=${nacos.configLongPollTimeout:}, configRetryTime=${nacos.configRetryTime:}, contextPath=${nacos.context-path:}, enableRemoteSyncConfig=${nacos.enableRemoteSyncConfig:}, encode=${nacos.encode:UTF-8}, endpoint=${nacos.endpoint:}, maxRetry=${nacos.maxRetry:}, namespace=${nacos.namespace:}, password=${nacos.password:}, secretKey=${nacos.secret-key:}, serverAddr=${nacos.server-addr:}, username=${nacos.username:}}', source='@com.alibaba.nacos.api.config.annotation.NacosConfigurationProperties(ignoreUnknownFields=true, autoRefreshed=true, exceptionIfInvalid=true, ignoreInvalidFields=false, ignoreNestedProperties=false, prefix="kwang.index", groupId="DEFAULT_GROUP", type=YAML, properties=@com.alibaba.nacos.api.annotation.NacosProperties(encode="${nacos.encode:UTF-8}", secretKey="${nacos.secret-key:}", contextPath="${nacos.context-path:}", configLongPollTimeout="${nacos.configLongPollTimeout:}", maxRetry="${nacos.maxRetry:}", endpoint="${nacos.endpoint:}", password="${nacos.password:}", configRetryTime="${nacos.configRetryTime:}", serverAddr="${nacos.server-addr:}", accessKey="${nacos.access-key:}", enableRemoteSyncConfig="${nacos.enableRemoteSyncConfig:}", clusterName="${nacos.cluster-name:}", namespace="${nacos.namespace:}", username="${nacos.username:}"), yaml=false, dataId="index-prod")', timestamp='1756870663463'
2025-09-03T11:37:43,682 [restartedMain] INFO security.web.DefaultSecurityFilterChain - Will secure any request with [org.springframework.security.web.session.DisableEncodeUrlFilter@1a86f7c8, org.springframework.security.web.context.request.async.WebAsyncManagerIntegrationFilter@4adf50ee, org.springframework.security.web.context.SecurityContextPersistenceFilter@58f9d3c7, org.springframework.security.web.header.HeaderWriterFilter@5384d21f, org.springframework.security.web.authentication.logout.LogoutFilter@337d6228, com.kwang.study.auth.filter.JwtAuthenticationFilter@52b6de34, org.springframework.security.web.savedrequest.RequestCacheAwareFilter@47470878, org.springframework.security.web.servletapi.SecurityContextHolderAwareRequestFilter@51b69cbc, org.springframework.security.web.authentication.AnonymousAuthenticationFilter@7b75b85b, org.springframework.security.web.session.SessionManagementFilter@46b81d1, org.springframework.security.web.access.ExceptionTranslationFilter@5c6d4e5d, org.springframework.security.web.access.intercept.AuthorizationFilter@2832898a]
2025-09-03T11:37:44,110 [restartedMain] INFO coyote.http11.Http11NioProtocol - Starting ProtocolHandler ["http-nio-8080"]
2025-09-03T11:37:44,117 [restartedMain] INFO embedded.tomcat.TomcatWebServer - Tomcat started on port(s): 8080 (http) with context path ''
2025-09-03T11:37:44,118 [restartedMain] INFO simp.broker.SimpleBrokerMessageHandler - Starting...
2025-09-03T11:37:44,118 [restartedMain] INFO simp.broker.SimpleBrokerMessageHandler - BrokerAvailabilityEvent[available=true, SimpleBrokerMessageHandler [org.springframework.messaging.simp.broker.DefaultSubscriptionRegistry@106c0cac]]
2025-09-03T11:37:44,118 [restartedMain] INFO simp.broker.SimpleBrokerMessageHandler - Started.
2025-09-03T11:37:44,134 [restartedMain] INFO kwang.study.StudyApplication - Started StudyApplication in 3.609 seconds (JVM running for 9.121)
2025-09-03T11:38:43,729 [MessageBroker-1] INFO socket.config.WebSocketMessageBrokerStats - WebSocketSession[0 current WS(0)-HttpStream(0)-HttpPoll(0), 0 total, 0 closed abnormally (0 connect failure, 0 send limit, 0 transport error)], stompSubProtocol[processed CONNECT(0)-CONNECTED(0)-DISCONNECT(0)], stompBrokerRelay[null], inboundChannel[pool size = 0, active threads = 0, queued tasks = 0, completed tasks = 0], outboundChannel[pool size = 0, active threads = 0, queued tasks = 0, completed tasks = 0], sockJsScheduler[pool size = 1, active threads = 1, queued tasks = 0, completed tasks = 0]
2025-09-03T11:38:45,883 [http-nio-8080-exec-3] INFO [Tomcat].[localhost].[/] - Initializing Spring DispatcherServlet 'dispatcherServlet'
2025-09-03T11:38:45,883 [http-nio-8080-exec-3] INFO web.servlet.DispatcherServlet - Initializing Servlet 'dispatcherServlet'
2025-09-03T11:38:45,885 [http-nio-8080-exec-3] INFO web.servlet.DispatcherServlet - Completed initialization in 2 ms
2025-09-03T11:38:48,121 [http-nio-8080-exec-6] INFO zaxxer.hikari.HikariDataSource - HikariPool-1 - Starting...
2025-09-03T11:38:48,694 [http-nio-8080-exec-6] INFO zaxxer.hikari.HikariDataSource - HikariPool-1 - Start completed.
2025-09-03T11:39:16,538 [Thread-8] WARN common.notify.NotifyCenter - [NotifyCenter] Start destroying Publisher
2025-09-03T11:39:16,538 [Thread-3] WARN common.http.HttpClientBeanHolder - [HttpClientBeanHolder] Start destroying common HttpClient
2025-09-03T11:39:16,538 [Thread-8] WARN common.notify.NotifyCenter - [NotifyCenter] Destruction of the end
2025-09-03T11:39:16,539 [Thread-3] WARN common.http.HttpClientBeanHolder - [HttpClientBeanHolder] Destruction of the end
2025-09-03T11:39:16,540 [SpringApplicationShutdownHook] INFO simp.broker.SimpleBrokerMessageHandler - Stopping...
2025-09-03T11:39:16,540 [SpringApplicationShutdownHook] INFO simp.broker.SimpleBrokerMessageHandler - BrokerAvailabilityEvent[available=false, SimpleBrokerMessageHandler [org.springframework.messaging.simp.broker.DefaultSubscriptionRegistry@106c0cac]]
2025-09-03T11:39:16,540 [SpringApplicationShutdownHook] INFO simp.broker.SimpleBrokerMessageHandler - Stopped.
2025-09-03T11:39:17,584 [SpringApplicationShutdownHook] INFO zaxxer.hikari.HikariDataSource - HikariPool-1 - Shutdown initiated...
2025-09-03T11:39:17,977 [SpringApplicationShutdownHook] INFO zaxxer.hikari.HikariDataSource - HikariPool-1 - Shutdown completed.
2025-09-03T11:39:17,979 [SpringApplicationShutdownHook] INFO annotation.config.NacosValueAnnotationBeanPostProcessor - class com.alibaba.nacos.spring.context.annotation.config.NacosValueAnnotationBeanPostProcessor was destroying!
2025-09-03T11:39:17,980 [SpringApplicationShutdownHook] INFO factory.annotation.AnnotationNacosInjectedBeanPostProcessor - class com.alibaba.nacos.spring.beans.factory.annotation.AnnotationNacosInjectedBeanPostProcessor was destroying!
2025-09-03T11:39:24,326 [restartedMain] INFO config.util.NacosConfigPropertiesUtils - nacosConfigProperties : NacosConfigProperties{serverAddr='47.121.116.149:8848', contextPath='null', encode='null', endpoint='null', namespace='null', accessKey='null', secretKey='null', ramRoleName='null', autoRefresh=false, dataId='null', dataIds='study-prod,index-prod', group='DEFAULT_GROUP', type=YAML, maxRetry='null', configLongPollTimeout='null', configRetryTime='null', enableRemoteSyncConfig=false, extConfig=[], bootstrap=Bootstrap{enable=true, logEnable=false}}
2025-09-03T11:39:24,341 [background-preinit] INFO internal.util.Version - HV000001: Hibernate Validator 6.2.5.Final
2025-09-03T11:39:24,356 [restartedMain] INFO config.util.NacosConfigPropertiesUtils - nacosConfigProperties : NacosConfigProperties{serverAddr='47.121.116.149:8848', contextPath='null', encode='null', endpoint='null', namespace='null', accessKey='null', secretKey='null', ramRoleName='null', autoRefresh=false, dataId='null', dataIds='study-prod,index-prod', group='DEFAULT_GROUP', type=YAML, maxRetry='null', configLongPollTimeout='null', configRetryTime='null', enableRemoteSyncConfig=false, extConfig=[], bootstrap=Bootstrap{enable=true, logEnable=false}}
2025-09-03T11:39:24,398 [restartedMain] INFO spi.client.ClientAuthPluginManager - [ClientAuthPluginManager] Load ClientAuthService com.alibaba.nacos.client.auth.impl.NacosClientAuthServiceImpl success.
2025-09-03T11:39:24,398 [restartedMain] INFO spi.client.ClientAuthPluginManager - [ClientAuthPluginManager] Load ClientAuthService com.alibaba.nacos.client.auth.ram.RamClientAuthServiceImpl success.
2025-09-03T11:39:25,209 [restartedMain] INFO config.util.NacosConfigLoader - load config from nacos, data-id is : study-prod, group is : DEFAULT_GROUP
2025-09-03T11:39:25,252 [restartedMain] INFO config.util.NacosConfigLoader - load config from nacos, data-id is : index-prod, group is : DEFAULT_GROUP
2025-09-03T11:39:25,254 [restartedMain] INFO kwang.study.StudyApplication - Starting StudyApplication using Java 11.0.27 on U-CVVMJWTP-2228.local with PID 5121 (/Users/kwang/Desktop/study/target/classes started by kwang in /Users/kwang/Desktop/study)
2025-09-03T11:39:25,255 [restartedMain] INFO kwang.study.StudyApplication - The following 1 profile is active: "prod"
2025-09-03T11:39:25,280 [restartedMain] INFO devtools.env.DevToolsPropertyDefaultsPostProcessor - Devtools property defaults active! Set 'spring.devtools.add-properties' to 'false' to disable
2025-09-03T11:39:25,280 [restartedMain] INFO devtools.env.DevToolsPropertyDefaultsPostProcessor - For additional web related logging consider setting the 'logging.level.web' property to 'DEBUG'
2025-09-03T11:39:25,647 [restartedMain] INFO repository.config.RepositoryConfigurationDelegate - Multiple Spring Data modules found, entering strict repository configuration mode
2025-09-03T11:39:25,648 [restartedMain] INFO repository.config.RepositoryConfigurationDelegate - Bootstrapping Spring Data Redis repositories in DEFAULT mode.
2025-09-03T11:39:25,669 [restartedMain] INFO repository.config.RepositoryConfigurationDelegate - Finished Spring Data repository scanning in 14 ms. Found 0 Redis repository interfaces.
2025-09-03T11:39:26,101 [restartedMain] INFO embedded.tomcat.TomcatWebServer - Tomcat initialized with port(s): 8080 (http)
2025-09-03T11:39:26,105 [restartedMain] INFO coyote.http11.Http11NioProtocol - Initializing ProtocolHandler ["http-nio-8080"]
2025-09-03T11:39:26,106 [restartedMain] INFO catalina.core.StandardService - Starting service [Tomcat]
2025-09-03T11:39:26,106 [restartedMain] INFO catalina.core.StandardEngine - Starting Servlet engine: [Apache Tomcat/9.0.83]
2025-09-03T11:39:26,149 [restartedMain] INFO [Tomcat].[localhost].[/] - Initializing Spring embedded WebApplicationContext
2025-09-03T11:39:26,149 [restartedMain] INFO servlet.context.ServletWebServerApplicationContext - Root WebApplicationContext: initialization completed in 869 ms
2025-09-03T11:39:26,584 [restartedMain] INFO spi.client.ClientAuthPluginManager - [ClientAuthPluginManager] Load ClientAuthService com.alibaba.nacos.client.auth.impl.NacosClientAuthServiceImpl success.
2025-09-03T11:39:26,585 [restartedMain] INFO spi.client.ClientAuthPluginManager - [ClientAuthPluginManager] Load ClientAuthService com.alibaba.nacos.client.auth.ram.RamClientAuthServiceImpl success.
2025-09-03T11:39:27,001 [restartedMain] INFO devtools.autoconfigure.OptionalLiveReloadServer - LiveReload server is running on port 35729
2025-09-03T11:39:27,005 [restartedMain] INFO context.event.LoggingNacosConfigMetadataEventListener - Nacos Config Metadata : dataId='index-prod', groupId='DEFAULT_GROUP', beanName='timeLineConfig', bean='TimeLineConfig(timeline=[TimeLineItem(title=第一课, time=2025-8-3, description=这是第一课), TimeLineItem(title=第二课, time=2025-9-3, description=这是第二课), TimeLineItem(title=第三课, time=2025-10-3, description=这是第三课), TimeLineItem(title=第四课, time=2025-11-3, description=这是第四课), TimeLineItem(title=第五课, time=2025-12-3, description=这是第五课), TimeLineItem(title=第六课, time=2026-1-3, description=这是第六课), TimeLineItem(title=第七课, time=2026-2-3, description=这是第七课), TimeLineItem(title=第八课, time=2026-3-3, description=这是第八课)])', beanType='class com.kwang.study.index.config.TimeLineConfig$$EnhancerBySpringCGLIB$$ed6b9617', annotatedElement='class com.kwang.study.index.config.TimeLineConfig$$EnhancerBySpringCGLIB$$ed6b9617', xmlResource='null', nacosProperties='{encode=UTF-8, password=******, serverAddr=47.121.116.149:8848, enableRemoteSyncConfig=false, username=nacos}', nacosPropertiesAttributes='{accessKey=${nacos.access-key:}, clusterName=${nacos.cluster-name:}, configLongPollTimeout=${nacos.configLongPollTimeout:}, configRetryTime=${nacos.configRetryTime:}, contextPath=${nacos.context-path:}, enableRemoteSyncConfig=${nacos.enableRemoteSyncConfig:}, encode=${nacos.encode:UTF-8}, endpoint=${nacos.endpoint:}, maxRetry=${nacos.maxRetry:}, namespace=${nacos.namespace:}, password=${nacos.password:}, secretKey=${nacos.secret-key:}, serverAddr=${nacos.server-addr:}, username=${nacos.username:}}', source='@com.alibaba.nacos.api.config.annotation.NacosConfigurationProperties(ignoreUnknownFields=true, autoRefreshed=true, exceptionIfInvalid=true, ignoreNestedProperties=false, ignoreInvalidFields=false, prefix="kwang.index", groupId="DEFAULT_GROUP", type=YAML, properties=@com.alibaba.nacos.api.annotation.NacosProperties(encode="${nacos.encode:UTF-8}", secretKey="${nacos.secret-key:}", contextPath="${nacos.context-path:}", configLongPollTimeout="${nacos.configLongPollTimeout:}", maxRetry="${nacos.maxRetry:}", password="${nacos.password:}", endpoint="${nacos.endpoint:}", configRetryTime="${nacos.configRetryTime:}", serverAddr="${nacos.server-addr:}", accessKey="${nacos.access-key:}", enableRemoteSyncConfig="${nacos.enableRemoteSyncConfig:}", clusterName="${nacos.cluster-name:}", namespace="${nacos.namespace:}", username="${nacos.username:}"), yaml=false, dataId="index-prod")', timestamp='1756870767003'
2025-09-03T11:39:27,335 [restartedMain] INFO security.web.DefaultSecurityFilterChain - Will secure any request with [org.springframework.security.web.session.DisableEncodeUrlFilter@2d31357f, org.springframework.security.web.context.request.async.WebAsyncManagerIntegrationFilter@c7b0725, org.springframework.security.web.context.SecurityContextPersistenceFilter@556375df, org.springframework.security.web.header.HeaderWriterFilter@13ab382d, org.springframework.security.web.authentication.logout.LogoutFilter@1acf8df3, com.kwang.study.auth.filter.JwtAuthenticationFilter@7c89740f, org.springframework.security.web.savedrequest.RequestCacheAwareFilter@144e7fc0, org.springframework.security.web.servletapi.SecurityContextHolderAwareRequestFilter@5acd2d1b, org.springframework.security.web.authentication.AnonymousAuthenticationFilter@7b32339c, org.springframework.security.web.session.SessionManagementFilter@7c78db3a, org.springframework.security.web.access.ExceptionTranslationFilter@7bcc809a, org.springframework.security.web.access.intercept.AuthorizationFilter@7cc093a0]
2025-09-03T11:39:27,791 [restartedMain] INFO coyote.http11.Http11NioProtocol - Starting ProtocolHandler ["http-nio-8080"]
2025-09-03T11:39:27,797 [restartedMain] INFO embedded.tomcat.TomcatWebServer - Tomcat started on port(s): 8080 (http) with context path ''
2025-09-03T11:39:27,797 [restartedMain] INFO simp.broker.SimpleBrokerMessageHandler - Starting...
2025-09-03T11:39:27,798 [restartedMain] INFO simp.broker.SimpleBrokerMessageHandler - BrokerAvailabilityEvent[available=true, SimpleBrokerMessageHandler [org.springframework.messaging.simp.broker.DefaultSubscriptionRegistry@7ff39a53]]
2025-09-03T11:39:27,798 [restartedMain] INFO simp.broker.SimpleBrokerMessageHandler - Started.
2025-09-03T11:39:27,811 [restartedMain] INFO kwang.study.StudyApplication - Started StudyApplication in 3.686 seconds (JVM running for 9.129)
2025-09-03T11:40:07,317 [http-nio-8080-exec-3] INFO [Tomcat].[localhost].[/] - Initializing Spring DispatcherServlet 'dispatcherServlet'
2025-09-03T11:40:07,318 [http-nio-8080-exec-3] INFO web.servlet.DispatcherServlet - Initializing Servlet 'dispatcherServlet'
2025-09-03T11:40:07,322 [http-nio-8080-exec-3] INFO web.servlet.DispatcherServlet - Completed initialization in 4 ms
2025-09-03T11:40:10,115 [http-nio-8080-exec-3] INFO zaxxer.hikari.HikariDataSource - HikariPool-1 - Starting...
2025-09-03T11:40:10,714 [http-nio-8080-exec-3] INFO zaxxer.hikari.HikariDataSource - HikariPool-1 - Start completed.
2025-09-03T11:40:27,410 [MessageBroker-1] INFO socket.config.WebSocketMessageBrokerStats - WebSocketSession[0 current WS(0)-HttpStream(0)-HttpPoll(0), 0 total, 0 closed abnormally (0 connect failure, 0 send limit, 0 transport error)], stompSubProtocol[processed CONNECT(0)-CONNECTED(0)-DISCONNECT(0)], stompBrokerRelay[null], inboundChannel[pool size = 0, active threads = 0, queued tasks = 0, completed tasks = 0], outboundChannel[pool size = 0, active threads = 0, queued tasks = 0, completed tasks = 0], sockJsScheduler[pool size = 1, active threads = 1, queued tasks = 0, completed tasks = 0]
2025-09-03T11:41:05,275 [Thread-8] WARN common.notify.NotifyCenter - [NotifyCenter] Start destroying Publisher
2025-09-03T11:41:05,275 [Thread-3] WARN common.http.HttpClientBeanHolder - [HttpClientBeanHolder] Start destroying common HttpClient
2025-09-03T11:41:05,275 [Thread-8] WARN common.notify.NotifyCenter - [NotifyCenter] Destruction of the end
2025-09-03T11:41:05,277 [Thread-3] WARN common.http.HttpClientBeanHolder - [HttpClientBeanHolder] Destruction of the end
2025-09-03T11:41:05,279 [SpringApplicationShutdownHook] INFO simp.broker.SimpleBrokerMessageHandler - Stopping...
2025-09-03T11:41:05,279 [SpringApplicationShutdownHook] INFO simp.broker.SimpleBrokerMessageHandler - BrokerAvailabilityEvent[available=false, SimpleBrokerMessageHandler [org.springframework.messaging.simp.broker.DefaultSubscriptionRegistry@7ff39a53]]
2025-09-03T11:41:05,279 [SpringApplicationShutdownHook] INFO simp.broker.SimpleBrokerMessageHandler - Stopped.
2025-09-03T11:41:06,364 [SpringApplicationShutdownHook] INFO zaxxer.hikari.HikariDataSource - HikariPool-1 - Shutdown initiated...
2025-09-03T11:41:06,740 [SpringApplicationShutdownHook] INFO zaxxer.hikari.HikariDataSource - HikariPool-1 - Shutdown completed.
2025-09-03T11:41:06,741 [SpringApplicationShutdownHook] INFO annotation.config.NacosValueAnnotationBeanPostProcessor - class com.alibaba.nacos.spring.context.annotation.config.NacosValueAnnotationBeanPostProcessor was destroying!
2025-09-03T11:41:06,742 [SpringApplicationShutdownHook] INFO factory.annotation.AnnotationNacosInjectedBeanPostProcessor - class com.alibaba.nacos.spring.beans.factory.annotation.AnnotationNacosInjectedBeanPostProcessor was destroying!
2025-09-03T11:41:13,246 [restartedMain] INFO config.util.NacosConfigPropertiesUtils - nacosConfigProperties : NacosConfigProperties{serverAddr='47.121.116.149:8848', contextPath='null', encode='null', endpoint='null', namespace='null', accessKey='null', secretKey='null', ramRoleName='null', autoRefresh=false, dataId='null', dataIds='study-prod,index-prod', group='DEFAULT_GROUP', type=YAML, maxRetry='null', configLongPollTimeout='null', configRetryTime='null', enableRemoteSyncConfig=false, extConfig=[], bootstrap=Bootstrap{enable=true, logEnable=false}}
2025-09-03T11:41:13,263 [background-preinit] INFO internal.util.Version - HV000001: Hibernate Validator 6.2.5.Final
2025-09-03T11:41:13,280 [restartedMain] INFO config.util.NacosConfigPropertiesUtils - nacosConfigProperties : NacosConfigProperties{serverAddr='47.121.116.149:8848', contextPath='null', encode='null', endpoint='null', namespace='null', accessKey='null', secretKey='null', ramRoleName='null', autoRefresh=false, dataId='null', dataIds='study-prod,index-prod', group='DEFAULT_GROUP', type=YAML, maxRetry='null', configLongPollTimeout='null', configRetryTime='null', enableRemoteSyncConfig=false, extConfig=[], bootstrap=Bootstrap{enable=true, logEnable=false}}
2025-09-03T11:41:13,326 [restartedMain] INFO spi.client.ClientAuthPluginManager - [ClientAuthPluginManager] Load ClientAuthService com.alibaba.nacos.client.auth.impl.NacosClientAuthServiceImpl success.
2025-09-03T11:41:13,326 [restartedMain] INFO spi.client.ClientAuthPluginManager - [ClientAuthPluginManager] Load ClientAuthService com.alibaba.nacos.client.auth.ram.RamClientAuthServiceImpl success.
2025-09-03T11:41:14,236 [restartedMain] INFO config.util.NacosConfigLoader - load config from nacos, data-id is : study-prod, group is : DEFAULT_GROUP
2025-09-03T11:41:14,278 [restartedMain] INFO config.util.NacosConfigLoader - load config from nacos, data-id is : index-prod, group is : DEFAULT_GROUP
2025-09-03T11:41:14,280 [restartedMain] INFO kwang.study.StudyApplication - Starting StudyApplication using Java 11.0.27 on U-CVVMJWTP-2228.local with PID 5461 (/Users/kwang/Desktop/study/target/classes started by kwang in /Users/kwang/Desktop/study)
2025-09-03T11:41:14,282 [restartedMain] INFO kwang.study.StudyApplication - The following 1 profile is active: "prod"
2025-09-03T11:41:14,307 [restartedMain] INFO devtools.env.DevToolsPropertyDefaultsPostProcessor - Devtools property defaults active! Set 'spring.devtools.add-properties' to 'false' to disable
2025-09-03T11:41:14,307 [restartedMain] INFO devtools.env.DevToolsPropertyDefaultsPostProcessor - For additional web related logging consider setting the 'logging.level.web' property to 'DEBUG'
2025-09-03T11:41:14,744 [restartedMain] INFO repository.config.RepositoryConfigurationDelegate - Multiple Spring Data modules found, entering strict repository configuration mode
2025-09-03T11:41:14,746 [restartedMain] INFO repository.config.RepositoryConfigurationDelegate - Bootstrapping Spring Data Redis repositories in DEFAULT mode.
2025-09-03T11:41:14,767 [restartedMain] INFO repository.config.RepositoryConfigurationDelegate - Finished Spring Data repository scanning in 14 ms. Found 0 Redis repository interfaces.
2025-09-03T11:41:15,227 [restartedMain] INFO embedded.tomcat.TomcatWebServer - Tomcat initialized with port(s): 8080 (http)
2025-09-03T11:41:15,231 [restartedMain] INFO coyote.http11.Http11NioProtocol - Initializing ProtocolHandler ["http-nio-8080"]
2025-09-03T11:41:15,231 [restartedMain] INFO catalina.core.StandardService - Starting service [Tomcat]
2025-09-03T11:41:15,232 [restartedMain] INFO catalina.core.StandardEngine - Starting Servlet engine: [Apache Tomcat/9.0.83]
2025-09-03T11:41:15,271 [restartedMain] INFO [Tomcat].[localhost].[/] - Initializing Spring embedded WebApplicationContext
2025-09-03T11:41:15,271 [restartedMain] INFO servlet.context.ServletWebServerApplicationContext - Root WebApplicationContext: initialization completed in 963 ms
2025-09-03T11:41:15,690 [restartedMain] INFO spi.client.ClientAuthPluginManager - [ClientAuthPluginManager] Load ClientAuthService com.alibaba.nacos.client.auth.impl.NacosClientAuthServiceImpl success.
2025-09-03T11:41:15,690 [restartedMain] INFO spi.client.ClientAuthPluginManager - [ClientAuthPluginManager] Load ClientAuthService com.alibaba.nacos.client.auth.ram.RamClientAuthServiceImpl success.
2025-09-03T11:41:16,085 [restartedMain] INFO devtools.autoconfigure.OptionalLiveReloadServer - LiveReload server is running on port 35729
2025-09-03T11:41:16,087 [restartedMain] INFO context.event.LoggingNacosConfigMetadataEventListener - Nacos Config Metadata : dataId='index-prod', groupId='DEFAULT_GROUP', beanName='timeLineConfig', bean='TimeLineConfig(timeline=[TimeLineItem(title=第一课, time=2025-8-3, description=这是第一课), TimeLineItem(title=第二课, time=2025-9-3, description=这是第二课), TimeLineItem(title=第三课, time=2025-10-3, description=这是第三课), TimeLineItem(title=第四课, time=2025-11-3, description=这是第四课), TimeLineItem(title=第五课, time=2025-12-3, description=这是第五课), TimeLineItem(title=第六课, time=2026-1-3, description=这是第六课), TimeLineItem(title=第七课, time=2026-2-3, description=这是第七课), TimeLineItem(title=第八课, time=2026-3-3, description=这是第八课)])', beanType='class com.kwang.study.index.config.TimeLineConfig$$EnhancerBySpringCGLIB$$9ff00754', annotatedElement='class com.kwang.study.index.config.TimeLineConfig$$EnhancerBySpringCGLIB$$9ff00754', xmlResource='null', nacosProperties='{encode=UTF-8, password=******, serverAddr=47.121.116.149:8848, enableRemoteSyncConfig=false, username=nacos}', nacosPropertiesAttributes='{accessKey=${nacos.access-key:}, clusterName=${nacos.cluster-name:}, configLongPollTimeout=${nacos.configLongPollTimeout:}, configRetryTime=${nacos.configRetryTime:}, contextPath=${nacos.context-path:}, enableRemoteSyncConfig=${nacos.enableRemoteSyncConfig:}, encode=${nacos.encode:UTF-8}, endpoint=${nacos.endpoint:}, maxRetry=${nacos.maxRetry:}, namespace=${nacos.namespace:}, password=${nacos.password:}, secretKey=${nacos.secret-key:}, serverAddr=${nacos.server-addr:}, username=${nacos.username:}}', source='@com.alibaba.nacos.api.config.annotation.NacosConfigurationProperties(ignoreUnknownFields=true, autoRefreshed=true, exceptionIfInvalid=true, ignoreInvalidFields=false, ignoreNestedProperties=false, prefix="kwang.index", groupId="DEFAULT_GROUP", type=YAML, properties=@com.alibaba.nacos.api.annotation.NacosProperties(encode="${nacos.encode:UTF-8}", secretKey="${nacos.secret-key:}", contextPath="${nacos.context-path:}", configLongPollTimeout="${nacos.configLongPollTimeout:}", maxRetry="${nacos.maxRetry:}", password="${nacos.password:}", endpoint="${nacos.endpoint:}", configRetryTime="${nacos.configRetryTime:}", serverAddr="${nacos.server-addr:}", accessKey="${nacos.access-key:}", enableRemoteSyncConfig="${nacos.enableRemoteSyncConfig:}", clusterName="${nacos.cluster-name:}", namespace="${nacos.namespace:}", username="${nacos.username:}"), yaml=false, dataId="index-prod")', timestamp='1756870876086'
2025-09-03T11:41:16,302 [restartedMain] INFO security.web.DefaultSecurityFilterChain - Will secure any request with [org.springframework.security.web.session.DisableEncodeUrlFilter@79adf836, org.springframework.security.web.context.request.async.WebAsyncManagerIntegrationFilter@65e28779, org.springframework.security.web.context.SecurityContextPersistenceFilter@6e0f49ee, org.springframework.security.web.header.HeaderWriterFilter@383bff35, org.springframework.security.web.authentication.logout.LogoutFilter@384ba66e, com.kwang.study.auth.filter.JwtAuthenticationFilter@6bb4cdab, org.springframework.security.web.savedrequest.RequestCacheAwareFilter@5cae71f8, org.springframework.security.web.servletapi.SecurityContextHolderAwareRequestFilter@48fa03ba, org.springframework.security.web.authentication.AnonymousAuthenticationFilter@737633c5, org.springframework.security.web.session.SessionManagementFilter@71cdf403, org.springframework.security.web.access.ExceptionTranslationFilter@5c3a6bb3, org.springframework.security.web.access.intercept.AuthorizationFilter@6aa838c7]
2025-09-03T11:41:16,720 [restartedMain] INFO coyote.http11.Http11NioProtocol - Starting ProtocolHandler ["http-nio-8080"]
2025-09-03T11:41:16,726 [restartedMain] INFO embedded.tomcat.TomcatWebServer - Tomcat started on port(s): 8080 (http) with context path ''
2025-09-03T11:41:16,727 [restartedMain] INFO simp.broker.SimpleBrokerMessageHandler - Starting...
2025-09-03T11:41:16,727 [restartedMain] INFO simp.broker.SimpleBrokerMessageHandler - BrokerAvailabilityEvent[available=true, SimpleBrokerMessageHandler [org.springframework.messaging.simp.broker.DefaultSubscriptionRegistry@3afcfe87]]
2025-09-03T11:41:16,727 [restartedMain] INFO simp.broker.SimpleBrokerMessageHandler - Started.
2025-09-03T11:41:16,742 [restartedMain] INFO kwang.study.StudyApplication - Started StudyApplication in 3.732 seconds (JVM running for 9.194)
2025-09-03T11:41:25,516 [http-nio-8080-exec-2] INFO [Tomcat].[localhost].[/] - Initializing Spring DispatcherServlet 'dispatcherServlet'
2025-09-03T11:41:25,516 [http-nio-8080-exec-2] INFO web.servlet.DispatcherServlet - Initializing Servlet 'dispatcherServlet'
2025-09-03T11:41:25,518 [http-nio-8080-exec-2] INFO web.servlet.DispatcherServlet - Completed initialization in 2 ms
2025-09-03T11:41:28,347 [http-nio-8080-exec-4] INFO zaxxer.hikari.HikariDataSource - HikariPool-1 - Starting...
2025-09-03T11:41:28,876 [http-nio-8080-exec-4] INFO zaxxer.hikari.HikariDataSource - HikariPool-1 - Start completed.
2025-09-03T11:42:16,348 [MessageBroker-1] INFO socket.config.WebSocketMessageBrokerStats - WebSocketSession[1 current WS(1)-HttpStream(0)-HttpPoll(0), 1 total, 0 closed abnormally (0 connect failure, 0 send limit, 0 transport error)], stompSubProtocol[processed CONNECT(1)-CONNECTED(1)-DISCONNECT(0)], stompBrokerRelay[null], inboundChannel[pool size = 6, active threads = 0, queued tasks = 0, completed tasks = 6], outboundChannel[pool size = 1, active threads = 0, queued tasks = 0, completed tasks = 1], sockJsScheduler[pool size = 8, active threads = 1, queued tasks = 2, completed tasks = 4]
2025-09-03T11:51:55,659 [Thread-8] WARN common.notify.NotifyCenter - [NotifyCenter] Start destroying Publisher
2025-09-03T11:51:55,659 [Thread-3] WARN common.http.HttpClientBeanHolder - [HttpClientBeanHolder] Start destroying common HttpClient
2025-09-03T11:51:55,660 [Thread-8] WARN common.notify.NotifyCenter - [NotifyCenter] Destruction of the end
2025-09-03T11:51:55,661 [Thread-3] WARN common.http.HttpClientBeanHolder - [HttpClientBeanHolder] Destruction of the end
2025-09-03T11:51:55,667 [SpringApplicationShutdownHook] INFO simp.broker.SimpleBrokerMessageHandler - Stopping...
2025-09-03T11:51:55,667 [SpringApplicationShutdownHook] INFO simp.broker.SimpleBrokerMessageHandler - BrokerAvailabilityEvent[available=false, SimpleBrokerMessageHandler [org.springframework.messaging.simp.broker.DefaultSubscriptionRegistry@3afcfe87]]
2025-09-03T11:51:55,667 [SpringApplicationShutdownHook] INFO simp.broker.SimpleBrokerMessageHandler - Stopped.
2025-09-03T11:51:56,727 [SpringApplicationShutdownHook] INFO zaxxer.hikari.HikariDataSource - HikariPool-1 - Shutdown initiated...
2025-09-03T11:51:57,114 [SpringApplicationShutdownHook] INFO zaxxer.hikari.HikariDataSource - HikariPool-1 - Shutdown completed.
2025-09-03T11:51:57,116 [SpringApplicationShutdownHook] INFO annotation.config.NacosValueAnnotationBeanPostProcessor - class com.alibaba.nacos.spring.context.annotation.config.NacosValueAnnotationBeanPostProcessor was destroying!
2025-09-03T11:51:57,117 [SpringApplicationShutdownHook] INFO factory.annotation.AnnotationNacosInjectedBeanPostProcessor - class com.alibaba.nacos.spring.beans.factory.annotation.AnnotationNacosInjectedBeanPostProcessor was destroying!
2025-09-03T11:52:03,562 [restartedMain] INFO config.util.NacosConfigPropertiesUtils - nacosConfigProperties : NacosConfigProperties{serverAddr='47.121.116.149:8848', contextPath='null', encode='null', endpoint='null', namespace='null', accessKey='null', secretKey='null', ramRoleName='null', autoRefresh=false, dataId='null', dataIds='study-prod,index-prod', group='DEFAULT_GROUP', type=YAML, maxRetry='null', configLongPollTimeout='null', configRetryTime='null', enableRemoteSyncConfig=false, extConfig=[], bootstrap=Bootstrap{enable=true, logEnable=false}}
2025-09-03T11:52:03,578 [background-preinit] INFO internal.util.Version - HV000001: Hibernate Validator 6.2.5.Final
2025-09-03T11:52:03,593 [restartedMain] INFO config.util.NacosConfigPropertiesUtils - nacosConfigProperties : NacosConfigProperties{serverAddr='47.121.116.149:8848', contextPath='null', encode='null', endpoint='null', namespace='null', accessKey='null', secretKey='null', ramRoleName='null', autoRefresh=false, dataId='null', dataIds='study-prod,index-prod', group='DEFAULT_GROUP', type=YAML, maxRetry='null', configLongPollTimeout='null', configRetryTime='null', enableRemoteSyncConfig=false, extConfig=[], bootstrap=Bootstrap{enable=true, logEnable=false}}
2025-09-03T11:52:03,633 [restartedMain] INFO spi.client.ClientAuthPluginManager - [ClientAuthPluginManager] Load ClientAuthService com.alibaba.nacos.client.auth.impl.NacosClientAuthServiceImpl success.
2025-09-03T11:52:03,634 [restartedMain] INFO spi.client.ClientAuthPluginManager - [ClientAuthPluginManager] Load ClientAuthService com.alibaba.nacos.client.auth.ram.RamClientAuthServiceImpl success.
2025-09-03T11:52:04,442 [restartedMain] INFO config.util.NacosConfigLoader - load config from nacos, data-id is : study-prod, group is : DEFAULT_GROUP
2025-09-03T11:52:04,483 [restartedMain] INFO config.util.NacosConfigLoader - load config from nacos, data-id is : index-prod, group is : DEFAULT_GROUP
2025-09-03T11:52:04,485 [restartedMain] INFO kwang.study.StudyApplication - Starting StudyApplication using Java 11.0.27 on U-CVVMJWTP-2228.local with PID 7406 (/Users/kwang/Desktop/study/target/classes started by kwang in /Users/kwang/Desktop/study)
2025-09-03T11:52:04,486 [restartedMain] INFO kwang.study.StudyApplication - The following 1 profile is active: "prod"
2025-09-03T11:52:04,511 [restartedMain] INFO devtools.env.DevToolsPropertyDefaultsPostProcessor - Devtools property defaults active! Set 'spring.devtools.add-properties' to 'false' to disable
2025-09-03T11:52:04,511 [restartedMain] INFO devtools.env.DevToolsPropertyDefaultsPostProcessor - For additional web related logging consider setting the 'logging.level.web' property to 'DEBUG'
2025-09-03T11:52:04,877 [restartedMain] INFO repository.config.RepositoryConfigurationDelegate - Multiple Spring Data modules found, entering strict repository configuration mode
2025-09-03T11:52:04,878 [restartedMain] INFO repository.config.RepositoryConfigurationDelegate - Bootstrapping Spring Data Redis repositories in DEFAULT mode.
2025-09-03T11:52:04,901 [restartedMain] INFO repository.config.RepositoryConfigurationDelegate - Finished Spring Data repository scanning in 15 ms. Found 0 Redis repository interfaces.
2025-09-03T11:52:05,368 [restartedMain] INFO embedded.tomcat.TomcatWebServer - Tomcat initialized with port(s): 8080 (http)
2025-09-03T11:52:05,372 [restartedMain] INFO coyote.http11.Http11NioProtocol - Initializing ProtocolHandler ["http-nio-8080"]
2025-09-03T11:52:05,372 [restartedMain] INFO catalina.core.StandardService - Starting service [Tomcat]
2025-09-03T11:52:05,372 [restartedMain] INFO catalina.core.StandardEngine - Starting Servlet engine: [Apache Tomcat/9.0.83]
2025-09-03T11:52:05,412 [restartedMain] INFO [Tomcat].[localhost].[/] - Initializing Spring embedded WebApplicationContext
2025-09-03T11:52:05,412 [restartedMain] INFO servlet.context.ServletWebServerApplicationContext - Root WebApplicationContext: initialization completed in 901 ms
2025-09-03T11:52:05,920 [restartedMain] INFO spi.client.ClientAuthPluginManager - [ClientAuthPluginManager] Load ClientAuthService com.alibaba.nacos.client.auth.impl.NacosClientAuthServiceImpl success.
2025-09-03T11:52:05,920 [restartedMain] INFO spi.client.ClientAuthPluginManager - [ClientAuthPluginManager] Load ClientAuthService com.alibaba.nacos.client.auth.ram.RamClientAuthServiceImpl success.
2025-09-03T11:52:06,317 [restartedMain] INFO devtools.autoconfigure.OptionalLiveReloadServer - LiveReload server is running on port 35729
2025-09-03T11:52:06,320 [restartedMain] INFO context.event.LoggingNacosConfigMetadataEventListener - Nacos Config Metadata : dataId='index-prod', groupId='DEFAULT_GROUP', beanName='timeLineConfig', bean='TimeLineConfig(timeline=[TimeLineItem(title=第一课, time=2025-8-3, description=这是第一课), TimeLineItem(title=第二课, time=2025-9-3, description=这是第二课), TimeLineItem(title=第三课, time=2025-10-3, description=这是第三课), TimeLineItem(title=第四课, time=2025-11-3, description=这是第四课), TimeLineItem(title=第五课, time=2025-12-3, description=这是第五课), TimeLineItem(title=第六课, time=2026-1-3, description=这是第六课), TimeLineItem(title=第七课, time=2026-2-3, description=这是第七课), TimeLineItem(title=第八课, time=2026-3-3, description=这是第八课)])', beanType='class com.kwang.study.index.config.TimeLineConfig$$EnhancerBySpringCGLIB$$2a321ab9', annotatedElement='class com.kwang.study.index.config.TimeLineConfig$$EnhancerBySpringCGLIB$$2a321ab9', xmlResource='null', nacosProperties='{encode=UTF-8, password=******, serverAddr=47.121.116.149:8848, enableRemoteSyncConfig=false, username=nacos}', nacosPropertiesAttributes='{accessKey=${nacos.access-key:}, clusterName=${nacos.cluster-name:}, configLongPollTimeout=${nacos.configLongPollTimeout:}, configRetryTime=${nacos.configRetryTime:}, contextPath=${nacos.context-path:}, enableRemoteSyncConfig=${nacos.enableRemoteSyncConfig:}, encode=${nacos.encode:UTF-8}, endpoint=${nacos.endpoint:}, maxRetry=${nacos.maxRetry:}, namespace=${nacos.namespace:}, password=${nacos.password:}, secretKey=${nacos.secret-key:}, serverAddr=${nacos.server-addr:}, username=${nacos.username:}}', source='@com.alibaba.nacos.api.config.annotation.NacosConfigurationProperties(ignoreUnknownFields=true, autoRefreshed=true, exceptionIfInvalid=true, ignoreNestedProperties=false, ignoreInvalidFields=false, prefix="kwang.index", groupId="DEFAULT_GROUP", type=YAML, properties=@com.alibaba.nacos.api.annotation.NacosProperties(encode="${nacos.encode:UTF-8}", secretKey="${nacos.secret-key:}", contextPath="${nacos.context-path:}", configLongPollTimeout="${nacos.configLongPollTimeout:}", maxRetry="${nacos.maxRetry:}", endpoint="${nacos.endpoint:}", password="${nacos.password:}", configRetryTime="${nacos.configRetryTime:}", serverAddr="${nacos.server-addr:}", accessKey="${nacos.access-key:}", enableRemoteSyncConfig="${nacos.enableRemoteSyncConfig:}", clusterName="${nacos.cluster-name:}", namespace="${nacos.namespace:}", username="${nacos.username:}"), yaml=false, dataId="index-prod")', timestamp='1756871526319'
2025-09-03T11:52:06,532 [restartedMain] INFO security.web.DefaultSecurityFilterChain - Will secure any request with [org.springframework.security.web.session.DisableEncodeUrlFilter@27e69cd3, org.springframework.security.web.context.request.async.WebAsyncManagerIntegrationFilter@6eab22b, org.springframework.security.web.context.SecurityContextPersistenceFilter@2b4952d5, org.springframework.security.web.header.HeaderWriterFilter@12990d93, org.springframework.security.web.authentication.logout.LogoutFilter@1ba6b736, com.kwang.study.auth.filter.JwtAuthenticationFilter@6efdf1d3, org.springframework.security.web.savedrequest.RequestCacheAwareFilter@43efd196, org.springframework.security.web.servletapi.SecurityContextHolderAwareRequestFilter@2251ecc4, org.springframework.security.web.authentication.AnonymousAuthenticationFilter@651744d4, org.springframework.security.web.session.SessionManagementFilter@299c64af, org.springframework.security.web.access.ExceptionTranslationFilter@63256891, org.springframework.security.web.access.intercept.AuthorizationFilter@2fa285da]
2025-09-03T11:52:06,929 [restartedMain] INFO coyote.http11.Http11NioProtocol - Starting ProtocolHandler ["http-nio-8080"]
2025-09-03T11:52:06,936 [restartedMain] INFO embedded.tomcat.TomcatWebServer - Tomcat started on port(s): 8080 (http) with context path ''
2025-09-03T11:52:06,937 [restartedMain] INFO simp.broker.SimpleBrokerMessageHandler - Starting...
2025-09-03T11:52:06,937 [restartedMain] INFO simp.broker.SimpleBrokerMessageHandler - BrokerAvailabilityEvent[available=true, SimpleBrokerMessageHandler [org.springframework.messaging.simp.broker.DefaultSubscriptionRegistry@4bd8b5cb]]
2025-09-03T11:52:06,937 [restartedMain] INFO simp.broker.SimpleBrokerMessageHandler - Started.
2025-09-03T11:52:06,952 [restartedMain] INFO kwang.study.StudyApplication - Started StudyApplication in 3.597 seconds (JVM running for 9.043)
2025-09-03T11:52:10,760 [http-nio-8080-exec-1] INFO [Tomcat].[localhost].[/] - Initializing Spring DispatcherServlet 'dispatcherServlet'
2025-09-03T11:52:10,760 [http-nio-8080-exec-1] INFO web.servlet.DispatcherServlet - Initializing Servlet 'dispatcherServlet'
2025-09-03T11:52:10,762 [http-nio-8080-exec-1] INFO web.servlet.DispatcherServlet - Completed initialization in 2 ms
2025-09-03T11:52:10,845 [http-nio-8080-exec-3] INFO zaxxer.hikari.HikariDataSource - HikariPool-1 - Starting...
2025-09-03T11:52:11,397 [http-nio-8080-exec-3] INFO zaxxer.hikari.HikariDataSource - HikariPool-1 - Start completed.
2025-09-03T11:53:06,581 [MessageBroker-8] INFO socket.config.WebSocketMessageBrokerStats - WebSocketSession[1 current WS(1)-HttpStream(0)-HttpPoll(0), 2 total, 0 closed abnormally (0 connect failure, 0 send limit, 0 transport error)], stompSubProtocol[processed CONNECT(2)-CONNECTED(2)-DISCONNECT(0)], stompBrokerRelay[null], inboundChannel[pool size = 15, active threads = 0, queued tasks = 0, completed tasks = 15], outboundChannel[pool size = 3, active threads = 0, queued tasks = 0, completed tasks = 3], sockJsScheduler[pool size = 8, active threads = 1, queued tasks = 2, completed tasks = 14]
2025-09-03T11:55:17,666 [Thread-3] WARN common.http.HttpClientBeanHolder - [HttpClientBeanHolder] Start destroying common HttpClient
2025-09-03T11:55:17,666 [Thread-8] WARN common.notify.NotifyCenter - [NotifyCenter] Start destroying Publisher
2025-09-03T11:55:17,667 [Thread-8] WARN common.notify.NotifyCenter - [NotifyCenter] Destruction of the end
2025-09-03T11:55:17,668 [Thread-3] WARN common.http.HttpClientBeanHolder - [HttpClientBeanHolder] Destruction of the end
2025-09-03T11:55:17,673 [SpringApplicationShutdownHook] INFO simp.broker.SimpleBrokerMessageHandler - Stopping...
2025-09-03T11:55:17,673 [SpringApplicationShutdownHook] INFO simp.broker.SimpleBrokerMessageHandler - BrokerAvailabilityEvent[available=false, SimpleBrokerMessageHandler [org.springframework.messaging.simp.broker.DefaultSubscriptionRegistry@4bd8b5cb]]
2025-09-03T11:55:17,673 [SpringApplicationShutdownHook] INFO simp.broker.SimpleBrokerMessageHandler - Stopped.
2025-09-03T11:55:18,713 [SpringApplicationShutdownHook] INFO zaxxer.hikari.HikariDataSource - HikariPool-1 - Shutdown initiated...
2025-09-03T11:55:19,075 [SpringApplicationShutdownHook] INFO zaxxer.hikari.HikariDataSource - HikariPool-1 - Shutdown completed.
2025-09-03T11:55:19,077 [SpringApplicationShutdownHook] INFO annotation.config.NacosValueAnnotationBeanPostProcessor - class com.alibaba.nacos.spring.context.annotation.config.NacosValueAnnotationBeanPostProcessor was destroying!
2025-09-03T11:55:19,078 [SpringApplicationShutdownHook] INFO factory.annotation.AnnotationNacosInjectedBeanPostProcessor - class com.alibaba.nacos.spring.beans.factory.annotation.AnnotationNacosInjectedBeanPostProcessor was destroying!
2025-09-03T11:55:25,490 [restartedMain] INFO config.util.NacosConfigPropertiesUtils - nacosConfigProperties : NacosConfigProperties{serverAddr='47.121.116.149:8848', contextPath='null', encode='null', endpoint='null', namespace='null', accessKey='null', secretKey='null', ramRoleName='null', autoRefresh=false, dataId='null', dataIds='study-prod,index-prod', group='DEFAULT_GROUP', type=YAML, maxRetry='null', configLongPollTimeout='null', configRetryTime='null', enableRemoteSyncConfig=false, extConfig=[], bootstrap=Bootstrap{enable=true, logEnable=false}}
2025-09-03T11:55:25,506 [background-preinit] INFO internal.util.Version - HV000001: Hibernate Validator 6.2.5.Final
2025-09-03T11:55:25,520 [restartedMain] INFO config.util.NacosConfigPropertiesUtils - nacosConfigProperties : NacosConfigProperties{serverAddr='47.121.116.149:8848', contextPath='null', encode='null', endpoint='null', namespace='null', accessKey='null', secretKey='null', ramRoleName='null', autoRefresh=false, dataId='null', dataIds='study-prod,index-prod', group='DEFAULT_GROUP', type=YAML, maxRetry='null', configLongPollTimeout='null', configRetryTime='null', enableRemoteSyncConfig=false, extConfig=[], bootstrap=Bootstrap{enable=true, logEnable=false}}
2025-09-03T11:55:25,558 [restartedMain] INFO spi.client.ClientAuthPluginManager - [ClientAuthPluginManager] Load ClientAuthService com.alibaba.nacos.client.auth.impl.NacosClientAuthServiceImpl success.
2025-09-03T11:55:25,559 [restartedMain] INFO spi.client.ClientAuthPluginManager - [ClientAuthPluginManager] Load ClientAuthService com.alibaba.nacos.client.auth.ram.RamClientAuthServiceImpl success.
2025-09-03T11:55:26,367 [restartedMain] INFO config.util.NacosConfigLoader - load config from nacos, data-id is : study-prod, group is : DEFAULT_GROUP
2025-09-03T11:55:26,406 [restartedMain] INFO config.util.NacosConfigLoader - load config from nacos, data-id is : index-prod, group is : DEFAULT_GROUP
2025-09-03T11:55:26,407 [restartedMain] INFO kwang.study.StudyApplication - Starting StudyApplication using Java 11.0.27 on U-CVVMJWTP-2228.local with PID 7956 (/Users/kwang/Desktop/study/target/classes started by kwang in /Users/kwang/Desktop/study)
2025-09-03T11:55:26,409 [restartedMain] INFO kwang.study.StudyApplication - The following 1 profile is active: "prod"
2025-09-03T11:55:26,432 [restartedMain] INFO devtools.env.DevToolsPropertyDefaultsPostProcessor - Devtools property defaults active! Set 'spring.devtools.add-properties' to 'false' to disable
2025-09-03T11:55:26,432 [restartedMain] INFO devtools.env.DevToolsPropertyDefaultsPostProcessor - For additional web related logging consider setting the 'logging.level.web' property to 'DEBUG'
2025-09-03T11:55:26,813 [restartedMain] INFO repository.config.RepositoryConfigurationDelegate - Multiple Spring Data modules found, entering strict repository configuration mode
2025-09-03T11:55:26,815 [restartedMain] INFO repository.config.RepositoryConfigurationDelegate - Bootstrapping Spring Data Redis repositories in DEFAULT mode.
2025-09-03T11:55:26,841 [restartedMain] INFO repository.config.RepositoryConfigurationDelegate - Finished Spring Data repository scanning in 20 ms. Found 0 Redis repository interfaces.
2025-09-03T11:55:27,300 [restartedMain] INFO embedded.tomcat.TomcatWebServer - Tomcat initialized with port(s): 8080 (http)
2025-09-03T11:55:27,305 [restartedMain] INFO coyote.http11.Http11NioProtocol - Initializing ProtocolHandler ["http-nio-8080"]
2025-09-03T11:55:27,305 [restartedMain] INFO catalina.core.StandardService - Starting service [Tomcat]
2025-09-03T11:55:27,305 [restartedMain] INFO catalina.core.StandardEngine - Starting Servlet engine: [Apache Tomcat/9.0.83]
2025-09-03T11:55:27,347 [restartedMain] INFO [Tomcat].[localhost].[/] - Initializing Spring embedded WebApplicationContext
2025-09-03T11:55:27,347 [restartedMain] INFO servlet.context.ServletWebServerApplicationContext - Root WebApplicationContext: initialization completed in 915 ms
2025-09-03T11:55:27,787 [restartedMain] INFO spi.client.ClientAuthPluginManager - [ClientAuthPluginManager] Load ClientAuthService com.alibaba.nacos.client.auth.impl.NacosClientAuthServiceImpl success.
2025-09-03T11:55:27,787 [restartedMain] INFO spi.client.ClientAuthPluginManager - [ClientAuthPluginManager] Load ClientAuthService com.alibaba.nacos.client.auth.ram.RamClientAuthServiceImpl success.
2025-09-03T11:55:28,197 [restartedMain] INFO devtools.autoconfigure.OptionalLiveReloadServer - LiveReload server is running on port 35729
2025-09-03T11:55:28,200 [restartedMain] INFO context.event.LoggingNacosConfigMetadataEventListener - Nacos Config Metadata : dataId='index-prod', groupId='DEFAULT_GROUP', beanName='timeLineConfig', bean='TimeLineConfig(timeline=[TimeLineItem(title=第一课, time=2025-8-3, description=这是第一课), TimeLineItem(title=第二课, time=2025-9-3, description=这是第二课), TimeLineItem(title=第三课, time=2025-10-3, description=这是第三课), TimeLineItem(title=第四课, time=2025-11-3, description=这是第四课), TimeLineItem(title=第五课, time=2025-12-3, description=这是第五课), TimeLineItem(title=第六课, time=2026-1-3, description=这是第六课), TimeLineItem(title=第七课, time=2026-2-3, description=这是第七课), TimeLineItem(title=第八课, time=2026-3-3, description=这是第八课)])', beanType='class com.kwang.study.index.config.TimeLineConfig$$EnhancerBySpringCGLIB$$5b9617b', annotatedElement='class com.kwang.study.index.config.TimeLineConfig$$EnhancerBySpringCGLIB$$5b9617b', xmlResource='null', nacosProperties='{encode=UTF-8, password=******, serverAddr=47.121.116.149:8848, enableRemoteSyncConfig=false, username=nacos}', nacosPropertiesAttributes='{accessKey=${nacos.access-key:}, clusterName=${nacos.cluster-name:}, configLongPollTimeout=${nacos.configLongPollTimeout:}, configRetryTime=${nacos.configRetryTime:}, contextPath=${nacos.context-path:}, enableRemoteSyncConfig=${nacos.enableRemoteSyncConfig:}, encode=${nacos.encode:UTF-8}, endpoint=${nacos.endpoint:}, maxRetry=${nacos.maxRetry:}, namespace=${nacos.namespace:}, password=${nacos.password:}, secretKey=${nacos.secret-key:}, serverAddr=${nacos.server-addr:}, username=${nacos.username:}}', source='@com.alibaba.nacos.api.config.annotation.NacosConfigurationProperties(ignoreUnknownFields=true, autoRefreshed=true, exceptionIfInvalid=true, ignoreNestedProperties=false, ignoreInvalidFields=false, prefix="kwang.index", groupId="DEFAULT_GROUP", type=YAML, properties=@com.alibaba.nacos.api.annotation.NacosProperties(encode="${nacos.encode:UTF-8}", secretKey="${nacos.secret-key:}", contextPath="${nacos.context-path:}", configLongPollTimeout="${nacos.configLongPollTimeout:}", maxRetry="${nacos.maxRetry:}", endpoint="${nacos.endpoint:}", password="${nacos.password:}", configRetryTime="${nacos.configRetryTime:}", serverAddr="${nacos.server-addr:}", accessKey="${nacos.access-key:}", enableRemoteSyncConfig="${nacos.enableRemoteSyncConfig:}", clusterName="${nacos.cluster-name:}", namespace="${nacos.namespace:}", username="${nacos.username:}"), yaml=false, dataId="index-prod")', timestamp='1756871728199'
2025-09-03T11:55:28,406 [restartedMain] INFO security.web.DefaultSecurityFilterChain - Will secure any request with [org.springframework.security.web.session.DisableEncodeUrlFilter@4aa2ab49, org.springframework.security.web.context.request.async.WebAsyncManagerIntegrationFilter@2ebbfcbc, org.springframework.security.web.context.SecurityContextPersistenceFilter@340ac0df, org.springframework.security.web.header.HeaderWriterFilter@1c6cabd7, org.springframework.security.web.authentication.logout.LogoutFilter@4cf3660, com.kwang.study.auth.filter.JwtAuthenticationFilter@505b80ba, org.springframework.security.web.savedrequest.RequestCacheAwareFilter@3711b02e, org.springframework.security.web.servletapi.SecurityContextHolderAwareRequestFilter@557f822b, org.springframework.security.web.authentication.AnonymousAuthenticationFilter@44b004df, org.springframework.security.web.session.SessionManagementFilter@426738ae, org.springframework.security.web.access.ExceptionTranslationFilter@25070298, org.springframework.security.web.access.intercept.AuthorizationFilter@58dd9d0]
2025-09-03T11:55:28,797 [restartedMain] INFO coyote.http11.Http11NioProtocol - Starting ProtocolHandler ["http-nio-8080"]
2025-09-03T11:55:28,805 [restartedMain] INFO embedded.tomcat.TomcatWebServer - Tomcat started on port(s): 8080 (http) with context path ''
2025-09-03T11:55:28,805 [restartedMain] INFO simp.broker.SimpleBrokerMessageHandler - Starting...
2025-09-03T11:55:28,805 [restartedMain] INFO simp.broker.SimpleBrokerMessageHandler - BrokerAvailabilityEvent[available=true, SimpleBrokerMessageHandler [org.springframework.messaging.simp.broker.DefaultSubscriptionRegistry@56e0d844]]
2025-09-03T11:55:28,805 [restartedMain] INFO simp.broker.SimpleBrokerMessageHandler - Started.
2025-09-03T11:55:28,820 [restartedMain] INFO kwang.study.StudyApplication - Started StudyApplication in 3.535 seconds (JVM running for 8.989)
2025-09-03T11:55:28,871 [http-nio-8080-exec-1] INFO [Tomcat].[localhost].[/] - Initializing Spring DispatcherServlet 'dispatcherServlet'
2025-09-03T11:55:28,871 [http-nio-8080-exec-1] INFO web.servlet.DispatcherServlet - Initializing Servlet 'dispatcherServlet'
2025-09-03T11:55:28,872 [http-nio-8080-exec-1] INFO web.servlet.DispatcherServlet - Completed initialization in 1 ms
2025-09-03T11:55:28,942 [http-nio-8080-exec-3] INFO zaxxer.hikari.HikariDataSource - HikariPool-1 - Starting...
2025-09-03T11:55:29,504 [http-nio-8080-exec-3] INFO zaxxer.hikari.HikariDataSource - HikariPool-1 - Start completed.
2025-09-03T11:56:28,453 [MessageBroker-3] INFO socket.config.WebSocketMessageBrokerStats - WebSocketSession[1 current WS(1)-HttpStream(0)-HttpPoll(0), 1 total, 0 closed abnormally (0 connect failure, 0 send limit, 0 transport error)], stompSubProtocol[processed CONNECT(1)-CONNECTED(1)-DISCONNECT(0)], stompBrokerRelay[null], inboundChannel[pool size = 6, active threads = 0, queued tasks = 0, completed tasks = 6], outboundChannel[pool size = 1, active threads = 0, queued tasks = 0, completed tasks = 1], sockJsScheduler[pool size = 8, active threads = 1, queued tasks = 2, completed tasks = 14]
2025-09-03T12:11:49,578 [HikariPool-1 housekeeper] WARN hikari.pool.HikariPool - HikariPool-1 - Thread starvation or clock leap detected (housekeeper delta=15m19s967ms).
2025-09-03T12:30:35,719 [HikariPool-1 housekeeper] WARN hikari.pool.HikariPool - HikariPool-1 - Thread starvation or clock leap detected (housekeeper delta=17m46s45ms).
2025-09-03T12:47:01,714 [HikariPool-1 housekeeper] WARN hikari.pool.HikariPool - HikariPool-1 - Thread starvation or clock leap detected (housekeeper delta=15m55s985ms).
2025-09-03T13:03:04,699 [HikariPool-1 housekeeper] WARN hikari.pool.HikariPool - HikariPool-1 - Thread starvation or clock leap detected (housekeeper delta=16m2s985ms).
2025-09-03T13:20:36,713 [HikariPool-1 housekeeper] WARN hikari.pool.HikariPool - HikariPool-1 - Thread starvation or clock leap detected (housekeeper delta=17m2s8ms).
2025-09-03T13:36:53,802 [HikariPool-1 housekeeper] WARN hikari.pool.HikariPool - HikariPool-1 - Thread starvation or clock leap detected (housekeeper delta=15m47s83ms).
2025-09-03T13:55:43,972 [HikariPool-1 housekeeper] WARN hikari.pool.HikariPool - HikariPool-1 - Thread starvation or clock leap detected (housekeeper delta=17m20s141ms).
2025-09-03T14:05:25,097 [HikariPool-1 housekeeper] WARN hikari.pool.HikariPool - HikariPool-1 - Thread starvation or clock leap detected (housekeeper delta=7m11s91ms).
2025-09-03T14:06:42,124 [Thread-3] WARN common.http.HttpClientBeanHolder - [HttpClientBeanHolder] Start destroying common HttpClient
2025-09-03T14:06:42,124 [Thread-8] WARN common.notify.NotifyCenter - [NotifyCenter] Start destroying Publisher
2025-09-03T14:06:42,125 [Thread-8] WARN common.notify.NotifyCenter - [NotifyCenter] Destruction of the end
2025-09-03T14:06:42,126 [Thread-3] WARN common.http.HttpClientBeanHolder - [HttpClientBeanHolder] Destruction of the end
2025-09-03T14:06:42,131 [SpringApplicationShutdownHook] INFO simp.broker.SimpleBrokerMessageHandler - Stopping...
2025-09-03T14:06:42,131 [SpringApplicationShutdownHook] INFO simp.broker.SimpleBrokerMessageHandler - BrokerAvailabilityEvent[available=false, SimpleBrokerMessageHandler [org.springframework.messaging.simp.broker.DefaultSubscriptionRegistry@56e0d844]]
2025-09-03T14:06:42,131 [SpringApplicationShutdownHook] INFO simp.broker.SimpleBrokerMessageHandler - Stopped.
2025-09-03T14:06:42,175 [SpringApplicationShutdownHook] INFO zaxxer.hikari.HikariDataSource - HikariPool-1 - Shutdown initiated...
2025-09-03T14:32:35,256 [restartedMain] INFO config.util.NacosConfigPropertiesUtils - nacosConfigProperties : NacosConfigProperties{serverAddr='47.121.116.149:8848', contextPath='null', encode='null', endpoint='null', namespace='null', accessKey='null', secretKey='null', ramRoleName='null', autoRefresh=false, dataId='null', dataIds='study-prod,index-prod', group='DEFAULT_GROUP', type=YAML, maxRetry='null', configLongPollTimeout='null', configRetryTime='null', enableRemoteSyncConfig=false, extConfig=[], bootstrap=Bootstrap{enable=true, logEnable=false}}
2025-09-03T14:32:35,275 [background-preinit] INFO internal.util.Version - HV000001: Hibernate Validator 6.2.5.Final
2025-09-03T14:32:35,291 [restartedMain] INFO config.util.NacosConfigPropertiesUtils - nacosConfigProperties : NacosConfigProperties{serverAddr='47.121.116.149:8848', contextPath='null', encode='null', endpoint='null', namespace='null', accessKey='null', secretKey='null', ramRoleName='null', autoRefresh=false, dataId='null', dataIds='study-prod,index-prod', group='DEFAULT_GROUP', type=YAML, maxRetry='null', configLongPollTimeout='null', configRetryTime='null', enableRemoteSyncConfig=false, extConfig=[], bootstrap=Bootstrap{enable=true, logEnable=false}}
2025-09-03T14:32:35,337 [restartedMain] INFO spi.client.ClientAuthPluginManager - [ClientAuthPluginManager] Load ClientAuthService com.alibaba.nacos.client.auth.impl.NacosClientAuthServiceImpl success.
2025-09-03T14:32:35,337 [restartedMain] INFO spi.client.ClientAuthPluginManager - [ClientAuthPluginManager] Load ClientAuthService com.alibaba.nacos.client.auth.ram.RamClientAuthServiceImpl success.
2025-09-03T14:32:36,155 [restartedMain] INFO config.util.NacosConfigLoader - load config from nacos, data-id is : study-prod, group is : DEFAULT_GROUP
2025-09-03T14:32:36,197 [restartedMain] INFO config.util.NacosConfigLoader - load config from nacos, data-id is : index-prod, group is : DEFAULT_GROUP
2025-09-03T14:32:36,199 [restartedMain] INFO kwang.study.StudyApplication - Starting StudyApplication using Java 11.0.27 on U-CVVMJWTP-2228.local with PID 14980 (/Users/kwang/Desktop/study/target/classes started by kwang in /Users/kwang/Desktop/study)
2025-09-03T14:32:36,201 [restartedMain] INFO kwang.study.StudyApplication - The following 1 profile is active: "prod"
2025-09-03T14:32:36,227 [restartedMain] INFO devtools.env.DevToolsPropertyDefaultsPostProcessor - Devtools property defaults active! Set 'spring.devtools.add-properties' to 'false' to disable
2025-09-03T14:32:36,227 [restartedMain] INFO devtools.env.DevToolsPropertyDefaultsPostProcessor - For additional web related logging consider setting the 'logging.level.web' property to 'DEBUG'
2025-09-03T14:32:36,609 [restartedMain] INFO repository.config.RepositoryConfigurationDelegate - Multiple Spring Data modules found, entering strict repository configuration mode
2025-09-03T14:32:36,611 [restartedMain] INFO repository.config.RepositoryConfigurationDelegate - Bootstrapping Spring Data Redis repositories in DEFAULT mode.
2025-09-03T14:32:36,631 [restartedMain] INFO repository.config.RepositoryConfigurationDelegate - Finished Spring Data repository scanning in 14 ms. Found 0 Redis repository interfaces.
2025-09-03T14:32:37,066 [restartedMain] INFO embedded.tomcat.TomcatWebServer - Tomcat initialized with port(s): 8080 (http)
2025-09-03T14:32:37,070 [restartedMain] INFO coyote.http11.Http11NioProtocol - Initializing ProtocolHandler ["http-nio-8080"]
2025-09-03T14:32:37,071 [restartedMain] INFO catalina.core.StandardService - Starting service [Tomcat]
2025-09-03T14:32:37,071 [restartedMain] INFO catalina.core.StandardEngine - Starting Servlet engine: [Apache Tomcat/9.0.83]
2025-09-03T14:32:37,114 [restartedMain] INFO [Tomcat].[localhost].[/] - Initializing Spring embedded WebApplicationContext
2025-09-03T14:32:37,114 [restartedMain] INFO servlet.context.ServletWebServerApplicationContext - Root WebApplicationContext: initialization completed in 886 ms
2025-09-03T14:32:37,545 [restartedMain] INFO spi.client.ClientAuthPluginManager - [ClientAuthPluginManager] Load ClientAuthService com.alibaba.nacos.client.auth.impl.NacosClientAuthServiceImpl success.
2025-09-03T14:32:37,545 [restartedMain] INFO spi.client.ClientAuthPluginManager - [ClientAuthPluginManager] Load ClientAuthService com.alibaba.nacos.client.auth.ram.RamClientAuthServiceImpl success.
2025-09-03T14:32:37,920 [restartedMain] INFO devtools.autoconfigure.OptionalLiveReloadServer - LiveReload server is running on port 35729
2025-09-03T14:32:37,923 [restartedMain] INFO context.event.LoggingNacosConfigMetadataEventListener - Nacos Config Metadata : dataId='index-prod', groupId='DEFAULT_GROUP', beanName='timeLineConfig', bean='TimeLineConfig(timeline=[TimeLineItem(title=第一课, time=2025-8-3, description=这是第一课), TimeLineItem(title=第二课, time=2025-9-3, description=这是第二课), TimeLineItem(title=第三课, time=2025-10-3, description=这是第三课), TimeLineItem(title=第四课, time=2025-11-3, description=这是第四课), TimeLineItem(title=第五课, time=2025-12-3, description=这是第五课), TimeLineItem(title=第六课, time=2026-1-3, description=这是第六课), TimeLineItem(title=第七课, time=2026-2-3, description=这是第七课), TimeLineItem(title=第八课, time=2026-3-3, description=这是第八课)])', beanType='class com.kwang.study.index.config.TimeLineConfig$$EnhancerBySpringCGLIB$$1020efb4', annotatedElement='class com.kwang.study.index.config.TimeLineConfig$$EnhancerBySpringCGLIB$$1020efb4', xmlResource='null', nacosProperties='{encode=UTF-8, password=******, serverAddr=47.121.116.149:8848, enableRemoteSyncConfig=false, username=nacos}', nacosPropertiesAttributes='{accessKey=${nacos.access-key:}, clusterName=${nacos.cluster-name:}, configLongPollTimeout=${nacos.configLongPollTimeout:}, configRetryTime=${nacos.configRetryTime:}, contextPath=${nacos.context-path:}, enableRemoteSyncConfig=${nacos.enableRemoteSyncConfig:}, encode=${nacos.encode:UTF-8}, endpoint=${nacos.endpoint:}, maxRetry=${nacos.maxRetry:}, namespace=${nacos.namespace:}, password=${nacos.password:}, secretKey=${nacos.secret-key:}, serverAddr=${nacos.server-addr:}, username=${nacos.username:}}', source='@com.alibaba.nacos.api.config.annotation.NacosConfigurationProperties(ignoreUnknownFields=true, autoRefreshed=true, exceptionIfInvalid=true, ignoreNestedProperties=false, ignoreInvalidFields=false, prefix="kwang.index", groupId="DEFAULT_GROUP", type=YAML, properties=@com.alibaba.nacos.api.annotation.NacosProperties(encode="${nacos.encode:UTF-8}", secretKey="${nacos.secret-key:}", contextPath="${nacos.context-path:}", configLongPollTimeout="${nacos.configLongPollTimeout:}", maxRetry="${nacos.maxRetry:}", endpoint="${nacos.endpoint:}", password="${nacos.password:}", configRetryTime="${nacos.configRetryTime:}", serverAddr="${nacos.server-addr:}", accessKey="${nacos.access-key:}", enableRemoteSyncConfig="${nacos.enableRemoteSyncConfig:}", clusterName="${nacos.cluster-name:}", namespace="${nacos.namespace:}", username="${nacos.username:}"), yaml=false, dataId="index-prod")', timestamp='1756881157922'
2025-09-03T14:32:38,126 [restartedMain] INFO security.web.DefaultSecurityFilterChain - Will secure any request with [org.springframework.security.web.session.DisableEncodeUrlFilter@362a28c1, org.springframework.security.web.context.request.async.WebAsyncManagerIntegrationFilter@7f45f3c0, org.springframework.security.web.context.SecurityContextPersistenceFilter@4d03d18e, org.springframework.security.web.header.HeaderWriterFilter@4561c3f9, org.springframework.security.web.authentication.logout.LogoutFilter@51241843, com.kwang.study.auth.filter.JwtAuthenticationFilter@6c45131a, org.springframework.security.web.savedrequest.RequestCacheAwareFilter@347a886d, org.springframework.security.web.servletapi.SecurityContextHolderAwareRequestFilter@67a6b0cd, org.springframework.security.web.authentication.AnonymousAuthenticationFilter@21a6bd62, org.springframework.security.web.session.SessionManagementFilter@797a87d1, org.springframework.security.web.access.ExceptionTranslationFilter@64e773b, org.springframework.security.web.access.intercept.AuthorizationFilter@2cfa4616]
2025-09-03T14:32:38,470 [restartedMain] INFO coyote.http11.Http11NioProtocol - Starting ProtocolHandler ["http-nio-8080"]
2025-09-03T14:32:38,476 [restartedMain] INFO embedded.tomcat.TomcatWebServer - Tomcat started on port(s): 8080 (http) with context path ''
2025-09-03T14:32:38,477 [restartedMain] INFO simp.broker.SimpleBrokerMessageHandler - Starting...
2025-09-03T14:32:38,477 [restartedMain] INFO simp.broker.SimpleBrokerMessageHandler - BrokerAvailabilityEvent[available=true, SimpleBrokerMessageHandler [org.springframework.messaging.simp.broker.DefaultSubscriptionRegistry@635e7255]]
2025-09-03T14:32:38,477 [restartedMain] INFO simp.broker.SimpleBrokerMessageHandler - Started.
2025-09-03T14:32:38,491 [restartedMain] INFO kwang.study.StudyApplication - Started StudyApplication in 3.459 seconds (JVM running for 8.999)
2025-09-03T14:32:41,250 [http-nio-8080-exec-1] INFO [Tomcat].[localhost].[/] - Initializing Spring DispatcherServlet 'dispatcherServlet'
2025-09-03T14:32:41,251 [http-nio-8080-exec-1] INFO web.servlet.DispatcherServlet - Initializing Servlet 'dispatcherServlet'
2025-09-03T14:32:41,252 [http-nio-8080-exec-1] INFO web.servlet.DispatcherServlet - Completed initialization in 1 ms
2025-09-03T14:32:41,334 [http-nio-8080-exec-2] INFO zaxxer.hikari.HikariDataSource - HikariPool-1 - Starting...
2025-09-03T14:32:41,884 [http-nio-8080-exec-2] INFO zaxxer.hikari.HikariDataSource - HikariPool-1 - Start completed.
2025-09-03T14:33:20,492 [Thread-8] WARN common.notify.NotifyCenter - [NotifyCenter] Start destroying Publisher
2025-09-03T14:33:20,492 [Thread-3] WARN common.http.HttpClientBeanHolder - [HttpClientBeanHolder] Start destroying common HttpClient
2025-09-03T14:33:20,493 [Thread-8] WARN common.notify.NotifyCenter - [NotifyCenter] Destruction of the end
2025-09-03T14:33:20,494 [Thread-3] WARN common.http.HttpClientBeanHolder - [HttpClientBeanHolder] Destruction of the end
2025-09-03T14:33:20,499 [SpringApplicationShutdownHook] INFO simp.broker.SimpleBrokerMessageHandler - Stopping...
2025-09-03T14:33:20,500 [SpringApplicationShutdownHook] INFO simp.broker.SimpleBrokerMessageHandler - BrokerAvailabilityEvent[available=false, SimpleBrokerMessageHandler [org.springframework.messaging.simp.broker.DefaultSubscriptionRegistry@635e7255]]
2025-09-03T14:33:20,500 [SpringApplicationShutdownHook] INFO simp.broker.SimpleBrokerMessageHandler - Stopped.
